alpha_u,alpha_n,alpha_i,ndcg,avgpop@10,gini@10,cov@10,covn@10,ndcgpassive@10,ndcgneutral@10,ndcgactive@10,ndcgtail@10,ndcgmid@10,ndcghead@10,ndcgtailuser@10,ndcgmiduser@10,ndcgheaduser@10,epochtime
0,0,0,0.0703,2722.4528,0.9965,0.0506,0.0178,0.0667,0.0667,0.1026,0.0,0.0,0.0703,0.0711,0.0711,0.0628,2.0506136417388916
0,0,0,0.0703,2722.4528,0.9965,0.0506,0.0178,0.0667,0.0667,0.1026,0.0,0.0,0.0703,0.0711,0.0711,0.0628,0.517871618270874
1.0,0,0,0.071,2693.1209,0.9963,0.0533,0.02,0.067,0.067,0.1063,0.0,0.0,0.0709,0.0719,0.0719,0.0626,0.5175526142120361
2.0,0,0,0.0717,2648.77,0.9961,0.0594,0.0232,0.0676,0.0676,0.1089,0.0002,0.0002,0.0716,0.0728,0.0728,0.0626,0.5146703720092773
3.0,0,0,0.0718,2579.0264,0.9957,0.0689,0.0289,0.0676,0.0676,0.1095,0.0004,0.0004,0.0714,0.0729,0.0729,0.0618,0.519268274307251
4.0,0,0,0.0708,2424.4648,0.9949,0.0826,0.0357,0.0668,0.0668,0.1073,0.0011,0.0011,0.0697,0.0718,0.0718,0.0618,0.5204994678497314
5.0,0,0,0.0658,2026.7046,0.993,0.098,0.0494,0.0622,0.0622,0.0985,0.003,0.003,0.0628,0.0667,0.0667,0.0578,0.5186712741851807
6.0,0,0,0.049,1208.1199,0.9891,0.1181,0.0709,0.0453,0.0453,0.0825,0.0051,0.0051,0.044,0.05,0.05,0.0403,0.5181756019592285
0,0,1.0,0.0695,2731.5447,0.9964,0.0513,0.0178,0.066,0.066,0.1011,0.0,0.0,0.0695,0.0703,0.0703,0.0624,0.5193800926208496
1.0,0,1.0,0.0705,2698.4222,0.9963,0.0523,0.0198,0.0666,0.0666,0.1054,0.0,0.0,0.0704,0.0713,0.0713,0.0631,0.5203826427459717
2.0,0,1.0,0.0712,2648.7256,0.9961,0.0621,0.0232,0.0671,0.0671,0.1088,0.0002,0.0002,0.071,0.0721,0.0721,0.0632,0.5205709934234619
3.0,0,1.0,0.0712,2565.3331,0.9956,0.0707,0.0296,0.0669,0.0669,0.1096,0.0005,0.0005,0.0706,0.0722,0.0722,0.0622,0.5214362144470215
4.0,0,1.0,0.0695,2371.2715,0.9947,0.0814,0.0357,0.0654,0.0654,0.1064,0.0015,0.0015,0.068,0.0705,0.0705,0.0606,0.5250675678253174
5.0,0,1.0,0.0632,1902.5823,0.9926,0.0978,0.0511,0.0593,0.0593,0.0979,0.0035,0.0035,0.0597,0.0641,0.0641,0.0552,0.5193929672241211
6.0,0,1.0,0.0426,953.8394,0.9887,0.1164,0.0711,0.0388,0.0388,0.077,0.0056,0.0056,0.037,0.0434,0.0434,0.0356,0.5179200172424316
0,0,2.0,0.0691,2755.0135,0.9964,0.0506,0.0169,0.0658,0.0658,0.0988,0.0,0.0,0.0691,0.0698,0.0698,0.0629,0.5182569026947021
1.0,0,2.0,0.07,2718.482,0.9963,0.0528,0.021,0.0661,0.0661,0.1051,0.0001,0.0001,0.0699,0.0707,0.0707,0.0629,0.5191135406494141
2.0,0,2.0,0.0708,2662.7605,0.996,0.0609,0.0237,0.0667,0.0667,0.108,0.0003,0.0003,0.0705,0.0715,0.0715,0.0641,0.5196335315704346
3.0,0,2.0,0.0709,2565.427,0.9955,0.0724,0.0293,0.0668,0.0668,0.1082,0.0007,0.0007,0.0702,0.0718,0.0718,0.0631,0.5215892791748047
4.0,0,2.0,0.0682,2345.3892,0.9945,0.0831,0.0367,0.0641,0.0641,0.1052,0.0017,0.0017,0.0664,0.0692,0.0692,0.0588,0.5195684432983398
5.0,0,2.0,0.0612,1825.0933,0.9924,0.0973,0.0509,0.0573,0.0573,0.0967,0.0038,0.0038,0.0574,0.0621,0.0621,0.0533,0.519428014755249
6.0,0,2.0,0.0394,882.8289,0.9887,0.1178,0.0697,0.0357,0.0357,0.0729,0.0058,0.0058,0.0336,0.04,0.04,0.0338,0.5201098918914795
0,0,3.0,0.0681,2777.8447,0.9965,0.0528,0.0174,0.0648,0.0648,0.0974,0.0,0.0,0.0681,0.0687,0.0687,0.0627,0.517841100692749
1.0,0,3.0,0.0696,2737.0978,0.9963,0.054,0.0205,0.0656,0.0656,0.1052,0.0001,0.0001,0.0695,0.0702,0.0702,0.0638,0.525442361831665
2.0,0,3.0,0.0705,2675.4041,0.996,0.0636,0.0242,0.0663,0.0663,0.1087,0.0003,0.0003,0.0702,0.0712,0.0712,0.0644,0.5193078517913818
3.0,0,3.0,0.0704,2566.7874,0.9955,0.0714,0.0291,0.0661,0.0661,0.1085,0.0008,0.0008,0.0696,0.0712,0.0712,0.0632,0.5182828903198242
4.0,0,3.0,0.0674,2315.8785,0.9945,0.0829,0.0372,0.0633,0.0633,0.1037,0.002,0.002,0.0654,0.0684,0.0684,0.0582,0.5184502601623535
5.0,0,3.0,0.0603,1766.9813,0.9923,0.0976,0.0516,0.0562,0.0562,0.0965,0.0041,0.0041,0.0561,0.0612,0.0612,0.0518,0.5168819427490234
6.0,0,3.0,0.0377,850.6809,0.9887,0.1164,0.0699,0.034,0.034,0.0715,0.0059,0.0059,0.0319,0.0383,0.0383,0.0326,0.519188404083252
0,0,4.0,0.0676,2797.9598,0.9965,0.0516,0.0174,0.0644,0.0644,0.0961,0.0,0.0,0.0676,0.0682,0.0682,0.0625,0.5187370777130127
1.0,0,4.0,0.0688,2751.8182,0.9963,0.0548,0.0205,0.065,0.065,0.1037,0.0001,0.0001,0.0688,0.0694,0.0694,0.0634,0.5216574668884277
2.0,0,4.0,0.0702,2683.6166,0.996,0.0636,0.0242,0.066,0.066,0.1081,0.0003,0.0003,0.0699,0.071,0.071,0.0634,0.5187551975250244
3.0,0,4.0,0.0698,2559.5773,0.9954,0.0716,0.0291,0.0656,0.0656,0.108,0.0009,0.0009,0.0689,0.0707,0.0707,0.0616,0.5190889835357666
4.0,0,4.0,0.0671,2284.9019,0.9944,0.0817,0.0372,0.0631,0.0631,0.1034,0.0022,0.0022,0.0649,0.0682,0.0682,0.0575,0.520700216293335
5.0,0,4.0,0.0596,1720.4639,0.9922,0.0976,0.0513,0.0556,0.0556,0.0958,0.0044,0.0044,0.0552,0.0606,0.0606,0.051,0.5297667980194092
6.0,0,4.0,0.0369,833.4738,0.9887,0.1152,0.0709,0.0332,0.0332,0.0708,0.0059,0.0059,0.031,0.0374,0.0374,0.0326,0.519141674041748
0,0,5.0,0.0671,2811.5422,0.9965,0.0521,0.0174,0.0639,0.0639,0.0962,0.0,0.0,0.0671,0.0676,0.0676,0.0625,0.5195131301879883
1.0,0,5.0,0.0687,2761.2311,0.9964,0.055,0.0203,0.0648,0.0648,0.104,0.0001,0.0001,0.0686,0.0693,0.0693,0.063,0.5175149440765381
2.0,0,5.0,0.0698,2685.0302,0.996,0.0648,0.0237,0.0655,0.0655,0.1082,0.0004,0.0004,0.0694,0.0705,0.0705,0.0635,0.5181984901428223
3.0,0,5.0,0.0694,2550.3645,0.9954,0.0731,0.0289,0.0652,0.0652,0.1079,0.001,0.001,0.0684,0.0703,0.0703,0.062,0.5179426670074463
4.0,0,5.0,0.0668,2256.1194,0.9943,0.0822,0.0374,0.0629,0.0629,0.1019,0.0024,0.0024,0.0644,0.0678,0.0678,0.0576,0.5206727981567383
5.0,0,5.0,0.0589,1678.6619,0.9921,0.0978,0.0511,0.0549,0.0549,0.095,0.0045,0.0045,0.0544,0.0597,0.0597,0.0509,0.5192818641662598
6.0,0,5.0,0.0366,827.0447,0.9887,0.1152,0.0704,0.0328,0.0328,0.0708,0.006,0.006,0.0306,0.0371,0.0371,0.0319,0.5187911987304688
0,0,6.0,0.0672,2821.2091,0.9966,0.0516,0.0174,0.0639,0.0639,0.0971,0.0,0.0,0.0672,0.0677,0.0677,0.0628,0.5186104774475098
1.0,0,6.0,0.0688,2766.9698,0.9964,0.0555,0.0205,0.0648,0.0648,0.1049,0.0001,0.0001,0.0687,0.0693,0.0693,0.0638,0.5208911895751953
2.0,0,6.0,0.0699,2684.6013,0.996,0.0641,0.0249,0.0654,0.0654,0.11,0.0004,0.0004,0.0695,0.0706,0.0706,0.0632,0.5186302661895752
3.0,0,6.0,0.0693,2537.5081,0.9954,0.0733,0.0291,0.0651,0.0651,0.107,0.0011,0.0011,0.0682,0.0702,0.0702,0.0613,0.518824577331543
4.0,0,6.0,0.0665,2224.7052,0.9943,0.0822,0.0377,0.0625,0.0625,0.1023,0.0027,0.0027,0.0639,0.0675,0.0675,0.0577,0.52581787109375
5.0,0,6.0,0.0586,1654.2637,0.9921,0.0983,0.0516,0.0545,0.0545,0.0952,0.0045,0.0045,0.0541,0.0595,0.0595,0.0505,0.519024133682251
6.0,0,6.0,0.0365,825.1307,0.9887,0.1154,0.0707,0.0327,0.0327,0.0708,0.006,0.006,0.0306,0.037,0.037,0.0319,0.5191733837127686
0,0.25,0,0.0703,2722.4528,0.9965,0.0506,0.0178,0.0667,0.0667,0.1026,0.0,0.0,0.0703,0.0711,0.0711,0.0628,0.48430299758911133
1.0,0.25,0,0.0709,2695.5514,0.9963,0.0535,0.02,0.067,0.067,0.1063,0.0,0.0,0.0709,0.0718,0.0718,0.0625,0.4844937324523926
2.0,0.25,0,0.0717,2653.0921,0.9961,0.0589,0.0232,0.0675,0.0675,0.1088,0.0002,0.0002,0.0715,0.0727,0.0727,0.0627,0.485032320022583
3.0,0.25,0,0.0716,2585.9458,0.9958,0.0689,0.0289,0.0675,0.0675,0.1092,0.0004,0.0004,0.0712,0.0727,0.0727,0.0617,0.48609066009521484
4.0,0.25,0,0.0707,2430.9323,0.9949,0.0822,0.0357,0.0667,0.0667,0.1073,0.0011,0.0011,0.0696,0.0717,0.0717,0.0622,0.4848959445953369
5.0,0.25,0,0.0656,2026.4459,0.993,0.0978,0.0501,0.062,0.062,0.0985,0.0031,0.0031,0.0626,0.0665,0.0665,0.0582,0.48939943313598633
6.0,0.25,0,0.0483,1203.4291,0.9891,0.1176,0.0716,0.0447,0.0447,0.0813,0.0051,0.0051,0.0432,0.0493,0.0493,0.0401,0.483837366104126
0,0.25,1.0,0.0698,2722.1713,0.9964,0.0521,0.0183,0.0663,0.0663,0.1012,0.0,0.0,0.0698,0.0706,0.0706,0.0627,0.4837324619293213
1.0,0.25,1.0,0.0706,2693.0798,0.9963,0.0531,0.0198,0.0666,0.0666,0.1059,0.0,0.0,0.0705,0.0714,0.0714,0.0627,0.483457088470459
2.0,0.25,1.0,0.0713,2645.154,0.996,0.0609,0.0232,0.0671,0.0671,0.109,0.0002,0.0002,0.0711,0.0722,0.0722,0.063,0.485659122467041
3.0,0.25,1.0,0.0715,2565.3373,0.9956,0.0707,0.0296,0.0672,0.0672,0.1101,0.0005,0.0005,0.071,0.0726,0.0726,0.0624,0.48430752754211426
4.0,0.25,1.0,0.0696,2375.4179,0.9947,0.0807,0.0362,0.0655,0.0655,0.1064,0.0015,0.0015,0.0681,0.0707,0.0707,0.06,0.48332905769348145
5.0,0.25,1.0,0.0628,1907.4382,0.9927,0.0983,0.0511,0.0589,0.0589,0.0975,0.0035,0.0035,0.0592,0.0635,0.0635,0.0568,0.4840970039367676
6.0,0.25,1.0,0.0417,943.013,0.9887,0.1169,0.0716,0.0378,0.0378,0.0769,0.0057,0.0057,0.0361,0.0425,0.0425,0.0348,0.48297715187072754
0,0.25,2.0,0.0698,2734.8301,0.9964,0.0511,0.0174,0.0664,0.0664,0.1007,0.0,0.0,0.0698,0.0705,0.0705,0.0636,0.48418307304382324
1.0,0.25,2.0,0.0706,2702.5957,0.9962,0.0533,0.0203,0.0666,0.0666,0.1063,0.0001,0.0001,0.0705,0.0714,0.0714,0.063,0.4839198589324951
2.0,0.25,2.0,0.0712,2648.7621,0.996,0.0606,0.0232,0.0671,0.0671,0.1078,0.0003,0.0003,0.0709,0.072,0.072,0.0639,0.4848043918609619
3.0,0.25,2.0,0.071,2558.3197,0.9955,0.0711,0.0293,0.0668,0.0668,0.1083,0.0007,0.0007,0.0703,0.0718,0.0718,0.0631,0.48369598388671875
4.0,0.25,2.0,0.0683,2349.1164,0.9946,0.0824,0.0369,0.0643,0.0643,0.1044,0.0017,0.0017,0.0666,0.0692,0.0692,0.0602,0.4842398166656494
5.0,0.25,2.0,0.0613,1836.1124,0.9925,0.0993,0.0511,0.0574,0.0574,0.0962,0.0039,0.0039,0.0574,0.0621,0.0621,0.0536,0.4868180751800537
6.0,0.25,2.0,0.0394,872.1066,0.9887,0.1166,0.0716,0.0356,0.0356,0.0739,0.0059,0.0059,0.0335,0.0402,0.0402,0.0327,0.4829392433166504
0,0.25,3.0,0.0693,2743.9426,0.9964,0.0513,0.0174,0.0659,0.0659,0.0996,0.0,0.0,0.0693,0.0699,0.0699,0.0636,0.4835672378540039
1.0,0.25,3.0,0.07,2708.2924,0.9962,0.0531,0.0205,0.0661,0.0661,0.1057,0.0001,0.0001,0.0699,0.0708,0.0708,0.0634,0.4845612049102783
2.0,0.25,3.0,0.0712,2649.1933,0.996,0.0628,0.0237,0.0671,0.0671,0.1076,0.0003,0.0003,0.0709,0.0719,0.0719,0.0642,0.48805999755859375
3.0,0.25,3.0,0.0705,2549.6872,0.9955,0.0714,0.0289,0.0663,0.0663,0.1081,0.0008,0.0008,0.0697,0.0712,0.0712,0.0634,0.4851796627044678
4.0,0.25,3.0,0.0674,2316.9186,0.9945,0.0819,0.0369,0.0634,0.0634,0.1034,0.0019,0.0019,0.0655,0.0682,0.0682,0.0601,0.48383498191833496
5.0,0.25,3.0,0.0605,1784.9723,0.9924,0.0988,0.0511,0.0565,0.0565,0.0965,0.0041,0.0041,0.0564,0.0614,0.0614,0.0521,0.48416709899902344
6.0,0.25,3.0,0.0381,841.8775,0.9888,0.1149,0.0711,0.0342,0.0342,0.0733,0.006,0.006,0.0321,0.0388,0.0388,0.0317,0.48398637771606445
0,0.25,4.0,0.0692,2749.4555,0.9964,0.0511,0.0176,0.0657,0.0657,0.1013,0.0,0.0,0.0692,0.0699,0.0699,0.0635,0.48632216453552246
1.0,0.25,4.0,0.0698,2711.0137,0.9962,0.0535,0.0203,0.0658,0.0658,0.1062,0.0001,0.0001,0.0697,0.0706,0.0706,0.063,0.48688220977783203
2.0,0.25,4.0,0.0712,2645.6295,0.9959,0.0626,0.0235,0.0671,0.0671,0.1075,0.0003,0.0003,0.0708,0.0719,0.0719,0.0649,0.4844362735748291
3.0,0.25,4.0,0.0702,2535.1222,0.9954,0.0716,0.0291,0.0662,0.0662,0.1071,0.0009,0.0009,0.0694,0.0711,0.0711,0.0629,0.48692989349365234
4.0,0.25,4.0,0.0676,2286.5856,0.9944,0.0812,0.0369,0.0636,0.0636,0.1028,0.0022,0.0022,0.0654,0.0683,0.0683,0.0606,0.48702454566955566
5.0,0.25,4.0,0.0601,1743.3685,0.9923,0.0998,0.0511,0.056,0.056,0.0965,0.0043,0.0043,0.0558,0.061,0.061,0.052,0.4842395782470703
6.0,0.25,4.0,0.0375,827.1765,0.9888,0.1154,0.0707,0.0335,0.0335,0.073,0.006,0.006,0.0315,0.0381,0.0381,0.0313,0.49005556106567383
0,0.25,5.0,0.0694,2750.5142,0.9964,0.0506,0.0178,0.0657,0.0657,0.1029,0.0,0.0,0.0694,0.0699,0.0699,0.0644,0.48342394828796387
1.0,0.25,5.0,0.0701,2708.7713,0.9962,0.0543,0.0205,0.0661,0.0661,0.1068,0.0001,0.0001,0.07,0.0709,0.0709,0.0635,0.4873621463775635
2.0,0.25,5.0,0.0712,2638.006,0.9959,0.0633,0.0232,0.0671,0.0671,0.1085,0.0003,0.0003,0.0709,0.072,0.072,0.0645,0.48127174377441406
3.0,0.25,5.0,0.0701,2519.6907,0.9953,0.0721,0.0291,0.066,0.066,0.1069,0.001,0.001,0.0691,0.0709,0.0709,0.063,0.48291015625
4.0,0.25,5.0,0.0674,2258.9947,0.9943,0.0817,0.0369,0.0635,0.0635,0.1026,0.0023,0.0023,0.0651,0.0682,0.0682,0.0603,0.4861924648284912
5.0,0.25,5.0,0.0596,1707.7761,0.9922,0.0995,0.0509,0.0556,0.0556,0.0962,0.0045,0.0045,0.0552,0.0605,0.0605,0.0521,0.4834463596343994
6.0,0.25,5.0,0.0373,823.1287,0.9888,0.1154,0.0707,0.0333,0.0333,0.073,0.006,0.006,0.0313,0.038,0.038,0.0311,0.4842660427093506
0,0.25,6.0,0.0695,2748.3174,0.9964,0.0504,0.0178,0.0658,0.0658,0.1032,0.0,0.0,0.0695,0.0701,0.0701,0.0647,0.4831252098083496
1.0,0.25,6.0,0.0705,2703.7087,0.9962,0.0545,0.0208,0.0664,0.0664,0.1074,0.0001,0.0001,0.0703,0.0712,0.0712,0.0641,0.48394203186035156
2.0,0.25,6.0,0.0713,2629.5176,0.9959,0.0643,0.0235,0.0672,0.0672,0.1087,0.0004,0.0004,0.0709,0.0721,0.0721,0.0645,0.49279022216796875
3.0,0.25,6.0,0.0701,2501.1771,0.9953,0.0724,0.0293,0.066,0.066,0.1069,0.0011,0.0011,0.069,0.0709,0.0709,0.0628,0.48312878608703613
4.0,0.25,6.0,0.0673,2231.5555,0.9943,0.0817,0.0372,0.0633,0.0633,0.1029,0.0025,0.0025,0.0648,0.0681,0.0681,0.0602,0.4864945411682129
5.0,0.25,6.0,0.0596,1686.8174,0.9922,0.0995,0.0509,0.0554,0.0554,0.0967,0.0046,0.0046,0.055,0.0604,0.0604,0.0521,0.4836149215698242
6.0,0.25,6.0,0.0373,822.6257,0.9888,0.1154,0.0707,0.0333,0.0333,0.073,0.006,0.006,0.0312,0.038,0.038,0.031,0.4832766056060791
0,0.5,0,0.0703,2722.4528,0.9965,0.0506,0.0178,0.0667,0.0667,0.1026,0.0,0.0,0.0703,0.0711,0.0711,0.0628,0.44928860664367676
1.0,0.5,0,0.0709,2701.0268,0.9964,0.0528,0.02,0.067,0.067,0.1052,0.0,0.0,0.0708,0.0718,0.0718,0.0627,0.45187830924987793
2.0,0.5,0,0.0714,2667.6004,0.9962,0.0587,0.024,0.0674,0.0674,0.108,0.0001,0.0001,0.0713,0.0724,0.0724,0.0631,0.45156145095825195
3.0,0.5,0,0.0712,2617.8333,0.9958,0.0714,0.0291,0.0671,0.0671,0.1079,0.0003,0.0003,0.0709,0.0723,0.0723,0.0613,0.45174598693847656
4.0,0.5,0,0.0707,2494.2926,0.9951,0.0839,0.0372,0.0667,0.0667,0.1067,0.001,0.001,0.0697,0.0716,0.0716,0.0626,0.4504833221435547
5.0,0.5,0,0.0651,2070.1198,0.9931,0.1012,0.0513,0.0615,0.0615,0.0977,0.0028,0.0028,0.0623,0.066,0.066,0.057,0.44923996925354004
6.0,0.5,0,0.0458,1173.085,0.9888,0.1156,0.0724,0.0425,0.0425,0.0751,0.0052,0.0052,0.0406,0.0465,0.0465,0.0391,0.45041751861572266
0,0.5,1.0,0.0702,2716.0868,0.9964,0.0509,0.0183,0.0665,0.0665,0.1037,0.0,0.0,0.0702,0.0711,0.0711,0.0627,0.4494922161102295
1.0,0.5,1.0,0.0708,2693.6927,0.9963,0.0523,0.0203,0.0668,0.0668,0.1066,0.0,0.0,0.0708,0.0717,0.0717,0.0629,0.44931840896606445
2.0,0.5,1.0,0.0713,2657.292,0.9961,0.0601,0.024,0.0671,0.0671,0.1088,0.0001,0.0001,0.0712,0.0722,0.0722,0.0633,0.45014071464538574
3.0,0.5,1.0,0.0713,2603.5766,0.9957,0.0716,0.0293,0.0672,0.0672,0.1077,0.0003,0.0003,0.071,0.0723,0.0723,0.0623,0.45061779022216797
4.0,0.5,1.0,0.0701,2466.1649,0.9949,0.0841,0.0377,0.0661,0.0661,0.1065,0.0011,0.0011,0.069,0.0711,0.0711,0.0615,0.45164990425109863
5.0,0.5,1.0,0.0626,1984.5042,0.9929,0.102,0.0518,0.0589,0.0589,0.0967,0.0031,0.0031,0.0596,0.0635,0.0635,0.0551,0.4510056972503662
6.0,0.5,1.0,0.0399,934.8066,0.9885,0.1166,0.0721,0.0365,0.0365,0.0709,0.0057,0.0057,0.0342,0.0405,0.0405,0.0345,0.45024943351745605
0,0.5,2.0,0.0703,2719.3216,0.9963,0.0506,0.0186,0.0666,0.0666,0.1034,0.0,0.0,0.0703,0.071,0.071,0.0637,0.4492185115814209
1.0,0.5,2.0,0.071,2696.4487,0.9963,0.0526,0.0205,0.067,0.067,0.1064,0.0,0.0,0.071,0.0718,0.0718,0.0639,0.44853806495666504
2.0,0.5,2.0,0.0714,2657.8748,0.9961,0.0592,0.024,0.0673,0.0673,0.1087,0.0002,0.0002,0.0713,0.0723,0.0723,0.064,0.4476802349090576
3.0,0.5,2.0,0.0711,2603.9306,0.9957,0.0724,0.0281,0.067,0.067,0.1077,0.0004,0.0004,0.0707,0.072,0.072,0.0624,0.448336124420166
4.0,0.5,2.0,0.0693,2460.6344,0.9949,0.0826,0.0372,0.0653,0.0653,0.1056,0.0012,0.0012,0.0681,0.0703,0.0703,0.0599,0.4502749443054199
5.0,0.5,2.0,0.0619,1953.1311,0.9928,0.1007,0.0521,0.0581,0.0581,0.0959,0.0032,0.0032,0.0586,0.0627,0.0627,0.0539,0.4487035274505615
6.0,0.5,2.0,0.0392,905.5031,0.9885,0.1147,0.0719,0.0359,0.0359,0.0694,0.0058,0.0058,0.0335,0.0399,0.0399,0.0334,0.44960880279541016
0,0.5,3.0,0.0704,2720.8651,0.9963,0.0506,0.0178,0.0667,0.0667,0.1035,0.0,0.0,0.0704,0.0711,0.0711,0.0638,0.45078110694885254
1.0,0.5,3.0,0.0707,2697.5227,0.9962,0.0523,0.0208,0.0668,0.0668,0.1062,0.0001,0.0001,0.0707,0.0715,0.0715,0.0633,0.4509456157684326
2.0,0.5,3.0,0.0712,2658.8526,0.9961,0.0592,0.0235,0.067,0.067,0.1087,0.0002,0.0002,0.071,0.072,0.072,0.0633,0.4496023654937744
3.0,0.5,3.0,0.0709,2602.9859,0.9957,0.0731,0.0279,0.0669,0.0669,0.1072,0.0004,0.0004,0.0705,0.0719,0.0719,0.0622,0.45880126953125
4.0,0.5,3.0,0.069,2451.021,0.9949,0.0831,0.0372,0.0649,0.0649,0.1053,0.0012,0.0012,0.0678,0.0701,0.0701,0.0594,0.4497535228729248
5.0,0.5,3.0,0.0616,1939.8539,0.9928,0.1007,0.0523,0.0578,0.0578,0.0952,0.0032,0.0032,0.0583,0.0624,0.0624,0.0539,0.45011472702026367
6.0,0.5,3.0,0.0392,904.3401,0.9885,0.1144,0.0724,0.0358,0.0358,0.0694,0.0058,0.0058,0.0334,0.0398,0.0398,0.0333,0.451582670211792
0,0.5,4.0,0.0704,2720.89,0.9963,0.0506,0.0181,0.0667,0.0667,0.1039,0.0,0.0,0.0704,0.0712,0.0712,0.0636,0.45215678215026855
1.0,0.5,4.0,0.071,2697.5955,0.9962,0.0526,0.0205,0.0671,0.0671,0.106,0.0001,0.0001,0.0709,0.0718,0.0718,0.0634,0.45219993591308594
2.0,0.5,4.0,0.0712,2658.5938,0.9961,0.0589,0.0235,0.0671,0.0671,0.108,0.0002,0.0002,0.071,0.0721,0.0721,0.0631,0.45097899436950684
3.0,0.5,4.0,0.0709,2601.363,0.9957,0.0726,0.0284,0.0668,0.0668,0.1077,0.0004,0.0004,0.0705,0.0719,0.0719,0.0619,0.45377540588378906
4.0,0.5,4.0,0.0688,2447.2222,0.9948,0.0826,0.0372,0.0648,0.0648,0.1048,0.0012,0.0012,0.0676,0.0699,0.0699,0.0593,0.4501941204071045
5.0,0.5,4.0,0.0615,1939.426,0.9928,0.1007,0.0523,0.0578,0.0578,0.0953,0.0032,0.0032,0.0583,0.0624,0.0624,0.0539,0.4504387378692627
6.0,0.5,4.0,0.0392,904.2551,0.9885,0.1147,0.0724,0.0358,0.0358,0.0694,0.0058,0.0058,0.0334,0.0398,0.0398,0.0333,0.4514119625091553
0,0.5,5.0,0.0705,2720.9735,0.9963,0.0506,0.0178,0.0668,0.0668,0.1038,0.0,0.0,0.0705,0.0713,0.0713,0.0639,0.45163440704345703
1.0,0.5,5.0,0.0711,2697.6664,0.9962,0.0526,0.0205,0.0672,0.0672,0.1062,0.0001,0.0001,0.071,0.0719,0.0719,0.0634,0.4538750648498535
2.0,0.5,5.0,0.0711,2658.6976,0.9961,0.0589,0.0235,0.0671,0.0671,0.108,0.0002,0.0002,0.071,0.0721,0.0721,0.063,0.4511744976043701
3.0,0.5,5.0,0.0709,2601.3064,0.9957,0.0726,0.0284,0.0668,0.0668,0.1077,0.0004,0.0004,0.0705,0.0719,0.0719,0.062,0.45156311988830566
4.0,0.5,5.0,0.0688,2447.1833,0.9948,0.0824,0.0372,0.0648,0.0648,0.1048,0.0012,0.0012,0.0676,0.0699,0.0699,0.0593,0.4516315460205078
5.0,0.5,5.0,0.0615,1939.3825,0.9928,0.1005,0.0523,0.0578,0.0578,0.0953,0.0032,0.0032,0.0583,0.0624,0.0624,0.0539,0.4508321285247803
6.0,0.5,5.0,0.0392,904.2492,0.9885,0.1147,0.0721,0.0358,0.0358,0.0694,0.0058,0.0058,0.0334,0.0398,0.0398,0.0333,0.45046114921569824
0,0.5,6.0,0.0705,2721.0607,0.9963,0.0506,0.0178,0.0668,0.0668,0.1038,0.0,0.0,0.0705,0.0712,0.0712,0.0638,0.45110034942626953
1.0,0.5,6.0,0.0711,2697.7122,0.9962,0.0526,0.0205,0.0672,0.0672,0.1062,0.0001,0.0001,0.071,0.0719,0.0719,0.0633,0.45105838775634766
2.0,0.5,6.0,0.0712,2658.7335,0.9961,0.0589,0.0235,0.0671,0.0671,0.108,0.0002,0.0002,0.071,0.0721,0.0721,0.063,0.45000219345092773
3.0,0.5,6.0,0.0709,2601.3202,0.9957,0.0726,0.0284,0.0669,0.0669,0.1077,0.0004,0.0004,0.0705,0.0719,0.0719,0.062,0.45055365562438965
4.0,0.5,6.0,0.0688,2447.1864,0.9948,0.0824,0.0372,0.0648,0.0648,0.1048,0.0012,0.0012,0.0676,0.0699,0.0699,0.0593,0.5947287082672119
5.0,0.5,6.0,0.0615,1939.3845,0.9928,0.1005,0.0523,0.0578,0.0578,0.0953,0.0032,0.0032,0.0583,0.0624,0.0624,0.0539,0.4510383605957031
6.0,0.5,6.0,0.0392,904.2492,0.9885,0.1147,0.0721,0.0358,0.0358,0.0694,0.0058,0.0058,0.0334,0.0398,0.0398,0.0333,0.45975303649902344
0,0.75,0,0.0703,2722.4528,0.9965,0.0506,0.0178,0.0667,0.0667,0.1026,0.0,0.0,0.0703,0.0711,0.0711,0.0628,0.4235696792602539
1.0,0.75,0,0.0709,2705.8949,0.9964,0.0499,0.0191,0.067,0.067,0.1054,0.0,0.0,0.0708,0.0717,0.0717,0.0631,0.42261409759521484
2.0,0.75,0,0.0717,2678.7335,0.9962,0.0513,0.0218,0.0675,0.0675,0.1094,0.0001,0.0001,0.0715,0.0726,0.0726,0.063,0.4215993881225586
3.0,0.75,0,0.0721,2637.6301,0.9959,0.0594,0.0259,0.0678,0.0678,0.1106,0.0003,0.0003,0.0718,0.0732,0.0732,0.0622,0.42227840423583984
4.0,0.75,0,0.0715,2495.1044,0.9952,0.0638,0.0296,0.0676,0.0676,0.107,0.0013,0.0013,0.0702,0.0725,0.0725,0.0622,0.4219090938568115
5.0,0.75,0,0.0653,2039.1317,0.9933,0.0868,0.0403,0.062,0.062,0.0947,0.0035,0.0035,0.0618,0.0661,0.0661,0.0581,0.422985315322876
6.0,0.75,0,0.0463,1383.6531,0.9908,0.1017,0.0587,0.0444,0.0444,0.0628,0.0057,0.0057,0.0406,0.0469,0.0469,0.0408,0.42298340797424316
0,0.75,1.0,0.0706,2715.6234,0.9964,0.0506,0.0186,0.0668,0.0668,0.1046,0.0,0.0,0.0706,0.0715,0.0715,0.0629,0.4220259189605713
1.0,0.75,1.0,0.0713,2698.8403,0.9963,0.0496,0.0188,0.0673,0.0673,0.1078,0.0,0.0,0.0713,0.0722,0.0722,0.0633,0.42263245582580566
2.0,0.75,1.0,0.0721,2670.1254,0.9962,0.0523,0.0222,0.0679,0.0679,0.1102,0.0001,0.0001,0.072,0.0731,0.0731,0.0632,0.4232630729675293
3.0,0.75,1.0,0.0724,2627.6038,0.9959,0.0589,0.0257,0.0681,0.0681,0.1112,0.0004,0.0004,0.0721,0.0735,0.0735,0.0632,0.4230473041534424
4.0,0.75,1.0,0.0715,2478.7563,0.9951,0.0643,0.0296,0.0676,0.0676,0.1072,0.0014,0.0014,0.0702,0.0724,0.0724,0.0634,0.4228062629699707
5.0,0.75,1.0,0.0639,1984.5359,0.9932,0.0856,0.0408,0.0604,0.0604,0.0948,0.0038,0.0038,0.0601,0.0647,0.0647,0.0567,0.42685890197753906
6.0,0.75,1.0,0.0428,1229.8485,0.9908,0.1012,0.0592,0.0407,0.0407,0.062,0.0059,0.0059,0.0369,0.0433,0.0433,0.0389,0.4235663414001465
0,0.75,2.0,0.0707,2717.6034,0.9964,0.0513,0.0186,0.0669,0.0669,0.1046,0.0,0.0,0.0707,0.0715,0.0715,0.0632,0.5963563919067383
1.0,0.75,2.0,0.0713,2700.9951,0.9963,0.0504,0.0191,0.0673,0.0673,0.1076,0.0,0.0,0.0713,0.0722,0.0722,0.0634,0.559218168258667
2.0,0.75,2.0,0.072,2671.4168,0.9962,0.0518,0.0222,0.0678,0.0678,0.1102,0.0001,0.0001,0.0719,0.073,0.073,0.0636,0.6054847240447998
3.0,0.75,2.0,0.0726,2628.9835,0.9959,0.0589,0.0257,0.0683,0.0683,0.1114,0.0004,0.0004,0.0722,0.0737,0.0737,0.0631,0.763270378112793
4.0,0.75,2.0,0.0712,2480.3481,0.9951,0.0645,0.0291,0.0672,0.0672,0.1071,0.0014,0.0014,0.0699,0.0721,0.0721,0.0631,0.7464377880096436
5.0,0.75,2.0,0.0634,1981.8316,0.9932,0.0853,0.0408,0.0599,0.0599,0.0948,0.0038,0.0038,0.0596,0.0642,0.0642,0.0565,0.42319583892822266
6.0,0.75,2.0,0.0425,1210.7197,0.9908,0.101,0.0584,0.0403,0.0403,0.062,0.006,0.006,0.0365,0.043,0.043,0.0382,1.051093578338623
0,0.75,3.0,0.0707,2718.2126,0.9964,0.0513,0.0183,0.0669,0.0669,0.1046,0.0,0.0,0.0707,0.0715,0.0715,0.0634,0.6997389793395996
1.0,0.75,3.0,0.0713,2701.6647,0.9963,0.0506,0.0191,0.0672,0.0672,0.1076,0.0,0.0,0.0712,0.0721,0.0721,0.0637,0.7578818798065186
2.0,0.75,3.0,0.0722,2671.9537,0.9962,0.0521,0.022,0.068,0.068,0.1102,0.0001,0.0001,0.0721,0.0731,0.0731,0.0639,0.7095577716827393
3.0,0.75,3.0,0.0725,2629.7904,0.9959,0.0587,0.0254,0.0682,0.0682,0.1114,0.0004,0.0004,0.0722,0.0736,0.0736,0.063,1.1844878196716309
4.0,0.75,3.0,0.0712,2480.7524,0.9951,0.0655,0.0293,0.0672,0.0672,0.1071,0.0014,0.0014,0.0698,0.0721,0.0721,0.0629,0.53070068359375
5.0,0.75,3.0,0.0634,1982.0145,0.9932,0.0853,0.0408,0.0599,0.0599,0.0948,0.0038,0.0038,0.0596,0.0642,0.0642,0.0564,0.5737602710723877
6.0,0.75,3.0,0.0424,1210.1536,0.9908,0.101,0.0579,0.0403,0.0403,0.062,0.006,0.006,0.0365,0.0429,0.0429,0.0381,0.423321008682251
0,0.75,4.0,0.0707,2718.5897,0.9964,0.0513,0.0183,0.067,0.067,0.1046,0.0,0.0,0.0707,0.0715,0.0715,0.0634,0.4245333671569824
1.0,0.75,4.0,0.0713,2702.029,0.9963,0.0509,0.0191,0.0673,0.0673,0.1076,0.0,0.0,0.0713,0.0722,0.0722,0.0637,0.423511266708374
2.0,0.75,4.0,0.0722,2672.4071,0.9962,0.0521,0.022,0.068,0.068,0.1102,0.0001,0.0001,0.0721,0.0731,0.0731,0.0639,0.42531347274780273
3.0,0.75,4.0,0.0725,2630.1844,0.9959,0.0587,0.0254,0.0682,0.0682,0.1114,0.0004,0.0004,0.0722,0.0736,0.0736,0.063,0.4235057830810547
4.0,0.75,4.0,0.0712,2481.0074,0.9951,0.0655,0.0293,0.0672,0.0672,0.1071,0.0014,0.0014,0.0698,0.0721,0.0721,0.0629,0.4233403205871582
5.0,0.75,4.0,0.0634,1982.1043,0.9933,0.0853,0.0406,0.0599,0.0599,0.0948,0.0038,0.0038,0.0596,0.0642,0.0642,0.0564,0.4219038486480713
6.0,0.75,4.0,0.0424,1210.0792,0.9908,0.101,0.0579,0.0403,0.0403,0.062,0.006,0.006,0.0365,0.0429,0.0429,0.0381,0.42193055152893066
0,0.75,5.0,0.0707,2718.6923,0.9964,0.0513,0.0183,0.067,0.067,0.1046,0.0,0.0,0.0707,0.0715,0.0715,0.0633,0.4218142032623291
1.0,0.75,5.0,0.0713,2702.0688,0.9963,0.0509,0.0191,0.0673,0.0673,0.1076,0.0,0.0,0.0713,0.0722,0.0722,0.0639,0.42328906059265137
2.0,0.75,5.0,0.0722,2672.5185,0.9962,0.0521,0.022,0.068,0.068,0.1102,0.0001,0.0001,0.0721,0.0731,0.0731,0.064,0.42252540588378906
3.0,0.75,5.0,0.0725,2630.2555,0.9959,0.0587,0.0254,0.0682,0.0682,0.1114,0.0004,0.0004,0.0722,0.0736,0.0736,0.063,0.42282700538635254
4.0,0.75,5.0,0.0712,2481.0862,0.9951,0.0655,0.0293,0.0672,0.0672,0.1071,0.0014,0.0014,0.0698,0.0721,0.0721,0.0629,0.42179155349731445
5.0,0.75,5.0,0.0634,1982.1118,0.9933,0.0853,0.0406,0.0599,0.0599,0.0948,0.0038,0.0038,0.0596,0.0642,0.0642,0.0564,0.42263078689575195
6.0,0.75,5.0,0.0424,1210.0768,0.9908,0.101,0.0579,0.0403,0.0403,0.062,0.006,0.006,0.0365,0.0429,0.0429,0.0381,0.4228944778442383
0,0.75,6.0,0.0707,2718.7281,0.9964,0.0513,0.0183,0.067,0.067,0.1046,0.0,0.0,0.0707,0.0715,0.0715,0.0633,0.4230794906616211
1.0,0.75,6.0,0.0713,2702.0655,0.9963,0.0509,0.0191,0.0673,0.0673,0.1076,0.0,0.0,0.0713,0.0722,0.0722,0.0639,0.42332005500793457
2.0,0.75,6.0,0.0722,2672.5274,0.9962,0.0521,0.022,0.068,0.068,0.1102,0.0001,0.0001,0.0721,0.0731,0.0731,0.064,0.42443370819091797
3.0,0.75,6.0,0.0725,2630.2787,0.9959,0.0587,0.0254,0.0682,0.0682,0.1114,0.0004,0.0004,0.0722,0.0736,0.0736,0.063,0.4227015972137451
4.0,0.75,6.0,0.0712,2481.0906,0.9951,0.0655,0.0293,0.0672,0.0672,0.1071,0.0014,0.0014,0.0698,0.0721,0.0721,0.0629,0.42633962631225586
5.0,0.75,6.0,0.0634,1982.1118,0.9933,0.0853,0.0406,0.0599,0.0599,0.0948,0.0038,0.0038,0.0596,0.0642,0.0642,0.0564,0.4260122776031494
6.0,0.75,6.0,0.0424,1210.0768,0.9908,0.101,0.0579,0.0403,0.0403,0.062,0.006,0.006,0.0365,0.0429,0.0429,0.0381,0.42334985733032227
0,1,0,0.0703,2722.4528,0.9965,0.0506,0.0178,0.0667,0.0667,0.1026,0.0,0.0,0.0703,0.0711,0.0711,0.0628,0.40150928497314453
1.0,1,0,0.07,2720.9425,0.9964,0.0501,0.0186,0.0663,0.0663,0.1027,0.0,0.0,0.07,0.0708,0.0708,0.0627,0.40106701850891113
2.0,1,0,0.0698,2714.0706,0.9963,0.0496,0.0222,0.0663,0.0663,0.1014,0.0,0.0,0.0698,0.0706,0.0706,0.0623,0.4007718563079834
3.0,1,0,0.0698,2693.7197,0.9961,0.0619,0.0252,0.0661,0.0661,0.1022,0.0001,0.0001,0.0696,0.0706,0.0706,0.0619,0.3989837169647217
4.0,1,0,0.0695,2595.9978,0.9955,0.0707,0.0291,0.066,0.066,0.1014,0.0008,0.0008,0.0687,0.0703,0.0703,0.0625,0.4008190631866455
5.0,1,0,0.0633,2245.6352,0.9935,0.0941,0.0455,0.0603,0.0603,0.0897,0.0027,0.0027,0.0605,0.0638,0.0638,0.058,0.40009617805480957
6.0,1,0,0.04,1485.7491,0.9901,0.1142,0.0623,0.0395,0.0395,0.0447,0.0045,0.0045,0.0356,0.0403,0.0403,0.038,0.4009895324707031
0,1,1.0,0.0703,2717.099,0.9964,0.0501,0.0181,0.0666,0.0666,0.1042,0.0,0.0,0.0703,0.0713,0.0713,0.0617,0.40003252029418945
1.0,1,1.0,0.0701,2715.642,0.9964,0.0501,0.0186,0.0663,0.0663,0.1043,0.0,0.0,0.0701,0.0711,0.0711,0.0617,0.40210819244384766
2.0,1,1.0,0.07,2708.8328,0.9963,0.0491,0.0222,0.0663,0.0663,0.1034,0.0,0.0,0.07,0.071,0.071,0.0616,0.3997163772583008
3.0,1,1.0,0.07,2689.2638,0.9961,0.0614,0.0249,0.0663,0.0663,0.1035,0.0001,0.0001,0.0699,0.0709,0.0709,0.0622,0.40088772773742676
4.0,1,1.0,0.0696,2592.1945,0.9954,0.0704,0.0293,0.066,0.066,0.1018,0.0008,0.0008,0.0688,0.0704,0.0704,0.0623,0.3993220329284668
5.0,1,1.0,0.0623,2231.3165,0.9934,0.0941,0.0462,0.0593,0.0593,0.089,0.0028,0.0028,0.0595,0.0629,0.0629,0.0562,0.4000275135040283
6.0,1,1.0,0.0382,1399.3937,0.99,0.1149,0.0614,0.0376,0.0376,0.044,0.0045,0.0045,0.0337,0.0384,0.0384,0.0365,0.4001595973968506
0,1,2.0,0.0703,2717.7934,0.9964,0.0501,0.0181,0.0666,0.0666,0.1042,0.0,0.0,0.0703,0.0713,0.0713,0.062,0.39946436882019043
1.0,1,2.0,0.0701,2716.4032,0.9964,0.0504,0.0186,0.0663,0.0663,0.1041,0.0,0.0,0.0701,0.071,0.071,0.0621,0.4001338481903076
2.0,1,2.0,0.0699,2709.0839,0.9963,0.0499,0.0222,0.0661,0.0661,0.1034,0.0,0.0,0.0698,0.0708,0.0708,0.0617,0.4000859260559082
3.0,1,2.0,0.0698,2689.7446,0.9961,0.0611,0.0252,0.0661,0.0661,0.1035,0.0001,0.0001,0.0697,0.0707,0.0707,0.0622,0.39899611473083496
4.0,1,2.0,0.0694,2593.144,0.9954,0.0702,0.0296,0.0658,0.0658,0.1018,0.0008,0.0008,0.0686,0.0702,0.0702,0.0621,0.399517297744751
5.0,1,2.0,0.0621,2230.7508,0.9935,0.0944,0.046,0.0591,0.0591,0.089,0.0028,0.0028,0.0593,0.0628,0.0628,0.0557,0.40082311630249023
6.0,1,2.0,0.038,1391.6262,0.99,0.1142,0.0609,0.0373,0.0373,0.044,0.0045,0.0045,0.0335,0.0382,0.0382,0.0363,0.4022841453552246
0,1,3.0,0.0703,2718.1389,0.9964,0.0501,0.0181,0.0666,0.0666,0.1042,0.0,0.0,0.0703,0.0712,0.0712,0.062,0.4004678726196289
1.0,1,3.0,0.0701,2716.8486,0.9964,0.0504,0.0186,0.0664,0.0664,0.1041,0.0,0.0,0.0701,0.071,0.071,0.0621,0.4031229019165039
2.0,1,3.0,0.0699,2709.6235,0.9963,0.0499,0.0222,0.0661,0.0661,0.1034,0.0,0.0,0.0698,0.0708,0.0708,0.0616,0.4001169204711914
3.0,1,3.0,0.0699,2690.0771,0.9961,0.0611,0.0252,0.0661,0.0661,0.1035,0.0001,0.0001,0.0698,0.0707,0.0707,0.0622,0.40047478675842285
4.0,1,3.0,0.0694,2593.5979,0.9954,0.0699,0.0296,0.0658,0.0658,0.1018,0.0008,0.0008,0.0685,0.0702,0.0702,0.0622,0.40017271041870117
5.0,1,3.0,0.0621,2230.9744,0.9935,0.0944,0.046,0.0591,0.0591,0.089,0.0028,0.0028,0.0594,0.0628,0.0628,0.0557,0.39916539192199707
6.0,1,3.0,0.038,1391.1867,0.99,0.1142,0.0609,0.0373,0.0373,0.044,0.0045,0.0045,0.0335,0.0382,0.0382,0.0361,0.40050721168518066
0,1,4.0,0.0703,2718.3986,0.9964,0.0501,0.0181,0.0666,0.0666,0.1042,0.0,0.0,0.0703,0.0713,0.0713,0.062,0.3993525505065918
1.0,1,4.0,0.0702,2717.0793,0.9964,0.0504,0.0186,0.0664,0.0664,0.1041,0.0,0.0,0.0702,0.0711,0.0711,0.0621,0.40021705627441406
2.0,1,4.0,0.0699,2709.8502,0.9963,0.0499,0.0222,0.0661,0.0661,0.1034,0.0,0.0,0.0698,0.0708,0.0708,0.0616,0.40028810501098633
3.0,1,4.0,0.0699,2690.5163,0.9961,0.0611,0.0252,0.0661,0.0661,0.1035,0.0001,0.0001,0.0698,0.0707,0.0707,0.0622,0.4000065326690674
4.0,1,4.0,0.0694,2594.1251,0.9954,0.0702,0.0296,0.0658,0.0658,0.1018,0.0008,0.0008,0.0686,0.0702,0.0702,0.0622,0.39930295944213867
5.0,1,4.0,0.0621,2231.0887,0.9935,0.0944,0.046,0.0591,0.0591,0.089,0.0028,0.0028,0.0594,0.0628,0.0628,0.0557,0.40066957473754883
6.0,1,4.0,0.038,1391.1547,0.99,0.1142,0.0609,0.0373,0.0373,0.044,0.0045,0.0045,0.0335,0.0382,0.0382,0.0361,0.40101146697998047
0,1,5.0,0.0703,2718.4378,0.9964,0.0501,0.0181,0.0666,0.0666,0.1042,0.0,0.0,0.0703,0.0713,0.0713,0.062,0.3992190361022949
1.0,1,5.0,0.0702,2717.1097,0.9964,0.0504,0.0186,0.0664,0.0664,0.1041,0.0,0.0,0.0702,0.0711,0.0711,0.0621,0.3999764919281006
2.0,1,5.0,0.0699,2709.8723,0.9963,0.0499,0.0222,0.0661,0.0661,0.1034,0.0,0.0,0.0698,0.0708,0.0708,0.0616,0.4007859230041504
3.0,1,5.0,0.0699,2690.6119,0.9961,0.0611,0.0252,0.0661,0.0661,0.1035,0.0001,0.0001,0.0698,0.0707,0.0707,0.0622,0.4006385803222656
4.0,1,5.0,0.0694,2594.1802,0.9954,0.0702,0.0296,0.0658,0.0658,0.1018,0.0008,0.0008,0.0686,0.0702,0.0702,0.0622,0.39986515045166016
5.0,1,5.0,0.0621,2231.0887,0.9935,0.0944,0.046,0.0591,0.0591,0.089,0.0028,0.0028,0.0594,0.0628,0.0628,0.0557,0.3992908000946045
6.0,1,5.0,0.038,1391.1547,0.99,0.1142,0.0609,0.0373,0.0373,0.044,0.0045,0.0045,0.0335,0.0382,0.0382,0.0361,0.39955663681030273
0,1,6.0,0.0703,2718.4244,0.9964,0.0501,0.0181,0.0666,0.0666,0.1042,0.0,0.0,0.0703,0.0713,0.0713,0.062,0.40123534202575684
1.0,1,6.0,0.0702,2717.1001,0.9964,0.0506,0.0186,0.0664,0.0664,0.1041,0.0,0.0,0.0702,0.0711,0.0711,0.0621,0.3993041515350342
2.0,1,6.0,0.0699,2709.8722,0.9963,0.0499,0.0222,0.0661,0.0661,0.1034,0.0,0.0,0.0698,0.0708,0.0708,0.0616,0.39983034133911133
3.0,1,6.0,0.0699,2690.6067,0.9961,0.0611,0.0252,0.0661,0.0661,0.1035,0.0001,0.0001,0.0698,0.0707,0.0707,0.0622,0.39986205101013184
4.0,1,6.0,0.0694,2594.1802,0.9954,0.0702,0.0296,0.0658,0.0658,0.1018,0.0008,0.0008,0.0686,0.0702,0.0702,0.0622,0.4008634090423584
5.0,1,6.0,0.0621,2231.0887,0.9935,0.0944,0.046,0.0591,0.0591,0.089,0.0028,0.0028,0.0594,0.0628,0.0628,0.0557,0.3997931480407715
6.0,1,6.0,0.038,1391.1547,0.99,0.1142,0.0609,0.0373,0.0373,0.044,0.0045,0.0045,0.0335,0.0382,0.0382,0.0361,0.4012598991394043
