item_id:token,interaction_count,pop_score,popularity_label
113,7473,0.056517300056721495,1
64,5182,0.03919077330308187,1
194,2896,0.021902060881073927,1
519,2677,0.020245793155605974,1
71,2182,0.016502174324068822,1
165,2154,0.016290414066931366,1
456,2050,0.015503875968992248,1
195,2004,0.015155984117980715,1
756,1983,0.014997163925127623,1
418,1865,0.014104745698619777,1
185,1771,0.013393836263944034,1
59,1765,0.013348459065986008,1
196,1721,0.013015692947627151,1
142,1662,0.012569483834373228,1
222,1455,0.011003970504821327,1
193,1437,0.01086783891094725,1
219,1371,0.010368689733408962,1
141,1343,0.010156929476271507,1
127,1201,0.009083002457931555,1
830,1175,0.008886367933446776,1
70,1078,0.008152769899792021,1
828,1034,0.007820003781433164,1
325,1020,0.007714123652864436,1
84,1015,0.007676309321232747,1
424,978,0.007396483267158253,1
318,952,0.007199848742673473,1
98,847,0.006405747778408017,1
520,835,0.006314993382491965,1
211,823,0.006224238986575912,1
207,816,0.006171298922291548,1
119,793,0.005997352996785782,1
39,787,0.005951975798827756,1
164,770,0.005823407071280015,1
538,760,0.005747778408016638,1
216,755,0.00570996407638495,1
37,734,0.0055511438835318585,1
310,712,0.00538476082435243,1
170,700,0.005294006428436377,1
1,680,0.005142749101909623,1
36,661,0.004999054641709208,1
674,632,0.004779731518245415,1
137,628,0.004749480052940064,1
187,626,0.004734354320287389,1
311,572,0.004325959538665154,1
31,556,0.004204953677443751,1
816,550,0.004159576479485725,1
755,543,0.0041066364152013615,1
188,542,0.0040990735488750235,1
155,541,0.0040915106825486856,1
51,516,0.003902439024390244,1
831,513,0.003879750425411231,1
489,498,0.0037663074305161657,1
547,497,0.0037587445641898277,1
841,486,0.0036755530346001134,1
832,462,0.0034940442427680092,1
668,420,0.0031764038570618264,1
354,416,0.0031461523917564755,1
829,415,0.003138589525430138,1
292,413,0.0031234637927774625,1
115,402,0.003040272263187748,1
150,395,0.0029873321989033843,1
845,394,0.002979769332577047,1
429,388,0.0029343921346190204,1
220,387,0.002926829268292683,1
552,380,0.002873889204008319,1
260,370,0.002798260540744942,1
331,369,0.0027906976744186047,1
479,365,0.002760446209113254,1
842,360,0.0027226318774815654,1
400,351,0.0026545660805445265,1
212,351,0.0026545660805445265,1
699,347,0.0026243146152391756,1
510,345,0.0026091888825865,1
364,345,0.0026091888825865,1
414,341,0.0025789374172811496,1
320,329,0.0024881830213650973,1
553,327,0.002473057288712422,1
435,326,0.0024654944223860844,1
302,316,0.0023898657591227075,1
268,312,0.0023596142938173566,1
737,308,0.002329362828512006,1
139,306,0.0023142370958593307,1
825,298,0.0022537341652486293,1
267,295,0.0022310455662696163,1
430,294,0.0022234826999432784,1
321,294,0.0022234826999432784,1
543,293,0.002215919833616941,1
175,288,0.0021781055019852525,1
275,286,0.002162979769332577,1
527,285,0.0021554169030062395,1
319,284,0.0021478540366799016,1
575,284,0.0021478540366799016,1
326,280,0.002117602571374551,1
136,278,0.0021024768387218756,1
226,263,0.0019890338438268104,1
173,263,0.0019890338438268104,1
258,262,0.001981470977500473,1
859,261,0.001973908111174135,1
749,259,0.0019587823785214595,1
121,255,0.001928530913216109,1
314,251,0.001898279447910758,1
405,250,0.0018907165815844206,1
259,244,0.0018453393836263944,1
820,242,0.001830213650973719,1
284,237,0.0017923993193420305,1
145,236,0.001784836453015693,1
812,232,0.0017545849877103421,1
312,230,0.0017394592550576669,1
118,223,0.001686519190773303,1
817,221,0.0016713934581206278,1
46,221,0.0016713934581206278,1
516,221,0.0016713934581206278,1
227,220,0.00166383059179429,1
168,220,0.00166383059179429,1
81,218,0.0016487048591416146,1
209,217,0.001641141992815277,1
677,217,0.001641141992815277,1
133,217,0.001641141992815277,1
190,217,0.001641141992815277,1
34,216,0.0016335791264889394,1
174,214,0.001618453393836264,1
434,214,0.001618453393836264,1
515,211,0.001595764794857251,1
570,211,0.001595764794857251,1
291,210,0.0015882019285309132,1
415,210,0.0015882019285309132,1
166,208,0.0015730761958782377,1
770,207,0.0015655133295519002,1
104,205,0.0015503875968992248,1
722,203,0.0015352618642465495,1
773,202,0.0015276989979202118,1
840,202,0.0015276989979202118,1
61,200,0.0015125732652675364,1
632,199,0.0015050103989411986,1
546,199,0.0015050103989411986,1
408,198,0.0014974475326148611,1
647,198,0.0014974475326148611,1
727,198,0.0014974475326148611,1
629,198,0.0014974475326148611,1
189,197,0.0014898846662885234,1
82,196,0.0014823217999621857,1
285,195,0.001474758933635848,1
315,192,0.001452070334656835,1
146,189,0.0014293817356778218,1
261,189,0.0014293817356778218,1
670,188,0.0014218188693514843,1
280,186,0.0014066931366988088,1
253,186,0.0014066931366988088,1
116,186,0.0014066931366988088,1
750,183,0.0013840045377197959,1
274,181,0.0013688788050671204,1
80,181,0.0013688788050671204,1
379,174,0.0013159387407827568,1
848,174,0.0013159387407827568,0
184,174,0.0013159387407827568,0
210,174,0.0013159387407827568,0
824,173,0.001308375874456419,0
801,173,0.001308375874456419,0
565,172,0.0013008130081300813,0
381,171,0.0012932501418037436,0
480,170,0.0012856872754774058,0
818,170,0.0012856872754774058,0
852,169,0.0012781244091510683,0
225,166,0.0012554358101720552,0
718,165,0.0012478729438457174,0
90,163,0.0012327472111930422,0
138,162,0.0012251843448667045,0
723,162,0.0012251843448667045,0
571,161,0.0012176214785403667,0
679,158,0.0011949328795613538,0
422,157,0.001187370013235016,0
555,156,0.0011798071469086783,0
27,155,0.0011722442805823408,0
217,152,0.0011495556816033276,0
73,151,0.00114199281527699,0
22,150,0.0011344299489506524,0
356,150,0.0011344299489506524,0
241,149,0.0011268670826243147,0
709,148,0.001119304216297977,0
307,146,0.0011041784836453015,0
244,146,0.0011041784836453015,0
78,144,0.0010890527509926262,0
476,144,0.0010890527509926262,0
62,144,0.0010890527509926262,0
363,143,0.0010814898846662885,0
566,143,0.0010814898846662885,0
248,143,0.0010814898846662885,0
57,140,0.0010588012856872755,0
805,137,0.0010361126867082624,0
774,137,0.0010361126867082624,0
662,137,0.0010361126867082624,0
83,137,0.0010361126867082624,0
579,136,0.0010285498203819248,0
556,136,0.0010285498203819248,0
391,136,0.0010285498203819248,0
130,135,0.0010209869540555871,0
470,135,0.0010209869540555871,0
107,135,0.0010209869540555871,0
669,134,0.0010134240877292494,0
206,133,0.0010058612214029117,0
359,133,0.0010058612214029117,0
401,133,0.0010058612214029117,0
324,131,0.0009907354887502364,0
87,130,0.0009831726224238987,0
238,130,0.0009831726224238987,0
781,128,0.0009680468897712232,0
813,128,0.0009680468897712232,0
421,126,0.0009529211571185479,0
821,124,0.0009377954244658726,0
265,123,0.0009302325581395349,0
729,121,0.0009151068254868595,0
297,121,0.0009151068254868595,0
609,121,0.0009151068254868595,0
223,121,0.0009151068254868595,0
197,121,0.0009151068254868595,0
171,121,0.0009151068254868595,0
536,121,0.0009151068254868595,0
287,120,0.0009075439591605219,0
153,120,0.0009075439591605219,0
192,119,0.0008999810928341841,0
498,119,0.0008999810928341841,0
251,118,0.0008924182265078465,0
745,117,0.0008848553601815088,0
97,117,0.0008848553601815088,0
135,116,0.0008772924938551711,0
169,116,0.0008772924938551711,0
21,115,0.0008697296275288334,0
508,114,0.0008621667612024957,0
675,113,0.0008546038948761581,0
810,113,0.0008546038948761581,0
10,113,0.0008546038948761581,0
53,111,0.0008394781622234827,0
427,110,0.000831915295897145,0
2,109,0.0008243524295708073,0
42,109,0.0008243524295708073,0
24,109,0.0008243524295708073,0
503,108,0.0008167895632444697,0
55,107,0.000809226696918132,0
693,107,0.000809226696918132,0
518,107,0.000809226696918132,0
714,106,0.0008016638305917943,0
752,106,0.0008016638305917943,0
357,106,0.0008016638305917943,0
487,106,0.0008016638305917943,0
454,102,0.0007714123652864435,0
827,102,0.0007714123652864435,0
711,101,0.0007638494989601059,0
301,100,0.0007562866326337682,0
366,100,0.0007562866326337682,0
744,100,0.0007562866326337682,0
68,98,0.0007411608999810928,0
40,97,0.0007335980336547551,0
221,97,0.0007335980336547551,0
537,96,0.0007260351673284175,0
360,96,0.0007260351673284175,0
548,95,0.0007184723010020798,0
751,94,0.0007109094346757421,0
560,93,0.0007033465683494044,0
86,92,0.0006957837020230667,0
335,92,0.0006957837020230667,0
377,91,0.0006882208356967291,0
568,91,0.0006882208356967291,0
89,91,0.0006882208356967291,0
229,91,0.0006882208356967291,0
234,90,0.0006806579693703913,0
313,90,0.0006806579693703913,0
69,90,0.0006806579693703913,0
837,90,0.0006806579693703913,0
623,88,0.000665532236717716,0
712,88,0.000665532236717716,0
282,87,0.0006579693703913784,0
129,86,0.0006504065040650406,0
254,86,0.0006504065040650406,0
95,86,0.0006504065040650406,0
600,85,0.0006428436377387029,0
482,85,0.0006428436377387029,0
295,85,0.0006428436377387029,0
66,85,0.0006428436377387029,0
651,85,0.0006428436377387029,0
177,85,0.0006428436377387029,0
691,84,0.0006352807714123653,0
672,84,0.0006352807714123653,0
167,84,0.0006352807714123653,0
769,83,0.0006277179050860276,0
240,82,0.00062015503875969,0
541,82,0.00062015503875969,0
559,80,0.0006050293061070146,0
528,80,0.0006050293061070146,0
680,80,0.0006050293061070146,0
243,79,0.0005974664397806769,0
648,78,0.0005899035734543392,0
332,78,0.0005899035734543392,0
199,77,0.0005823407071280015,0
74,76,0.0005747778408016638,0
464,76,0.0005747778408016638,0
463,76,0.0005747778408016638,0
522,75,0.0005672149744753262,0
50,75,0.0005672149744753262,0
694,75,0.0005672149744753262,0
60,74,0.0005596521081489885,0
191,74,0.0005596521081489885,0
475,74,0.0005596521081489885,0
808,73,0.0005520892418226507,0
43,73,0.0005520892418226507,0
550,72,0.0005445263754963131,0
763,72,0.0005445263754963131,0
29,71,0.0005369635091699754,0
63,71,0.0005369635091699754,0
847,70,0.0005294006428436378,0
247,70,0.0005294006428436378,0
93,69,0.0005218377765173,0
270,69,0.0005218377765173,0
455,69,0.0005218377765173,0
549,68,0.0005142749101909624,0
67,67,0.0005067120438646247,0
102,67,0.0005067120438646247,0
17,67,0.0005067120438646247,0
671,67,0.0005067120438646247,0
572,66,0.000499149177538287,0
501,66,0.000499149177538287,0
88,66,0.000499149177538287,0
803,65,0.0004915863112119494,0
65,64,0.0004840234448856116,0
450,64,0.0004840234448856116,0
322,64,0.0004840234448856116,0
25,63,0.00047646057855927395,0
264,63,0.00047646057855927395,0
269,63,0.00047646057855927395,0
717,63,0.00047646057855927395,0
350,63,0.00047646057855927395,0
605,63,0.00047646057855927395,0
496,63,0.00047646057855927395,0
724,63,0.00047646057855927395,0
557,63,0.00047646057855927395,0
77,62,0.0004688977122329363,0
645,62,0.0004688977122329363,0
474,61,0.0004613348459065986,0
502,61,0.0004613348459065986,0
535,61,0.0004613348459065986,0
266,61,0.0004613348459065986,0
340,61,0.0004613348459065986,0
784,61,0.0004613348459065986,0
344,61,0.0004613348459065986,0
151,60,0.00045377197958026093,0
11,60,0.00045377197958026093,0
622,59,0.00044620911325392326,0
38,59,0.00044620911325392326,0
76,59,0.00044620911325392326,0
780,59,0.00044620911325392326,0
684,59,0.00044620911325392326,0
235,58,0.00043864624692758553,0
591,58,0.00043864624692758553,0
277,58,0.00043864624692758553,0
396,57,0.00043108338060124786,0
176,57,0.00043108338060124786,0
796,57,0.00043108338060124786,0
725,57,0.00043108338060124786,0
186,56,0.0004235205142749102,0
26,56,0.0004235205142749102,0
152,56,0.0004235205142749102,0
468,55,0.0004159576479485725,0
703,54,0.00040839478162223484,0
561,54,0.00040839478162223484,0
635,54,0.00040839478162223484,0
779,54,0.00040839478162223484,0
323,54,0.00040839478162223484,0
836,53,0.00040083191529589716,0
797,53,0.00040083191529589716,0
398,52,0.00039326904896955944,0
224,52,0.00039326904896955944,0
19,52,0.00039326904896955944,0
449,52,0.00039326904896955944,0
599,51,0.00038570618264322176,0
298,51,0.00038570618264322176,0
728,51,0.00038570618264322176,0
109,51,0.00038570618264322176,0
256,51,0.00038570618264322176,0
558,51,0.00038570618264322176,0
349,50,0.0003781433163168841,0
604,50,0.0003781433163168841,0
710,50,0.0003781433163168841,0
494,50,0.0003781433163168841,0
506,49,0.0003705804499905464,0
48,49,0.0003705804499905464,0
428,49,0.0003705804499905464,0
333,49,0.0003705804499905464,0
517,49,0.0003705804499905464,0
30,48,0.00036301758366420874,0
707,48,0.00036301758366420874,0
492,48,0.00036301758366420874,0
481,48,0.00036301758366420874,0
8,48,0.00036301758366420874,0
144,48,0.00036301758366420874,0
148,48,0.00036301758366420874,0
373,48,0.00036301758366420874,0
351,48,0.00036301758366420874,0
655,48,0.00036301758366420874,0
423,48,0.00036301758366420874,0
681,47,0.00035545471733787107,0
477,47,0.00035545471733787107,0
759,47,0.00035545471733787107,0
765,47,0.00035545471733787107,0
172,47,0.00035545471733787107,0
178,47,0.00035545471733787107,0
814,47,0.00035545471733787107,0
465,47,0.00035545471733787107,0
771,47,0.00035545471733787107,0
278,47,0.00035545471733787107,0
345,47,0.00035545471733787107,0
411,47,0.00035545471733787107,0
103,47,0.00035545471733787107,0
702,47,0.00035545471733787107,0
730,47,0.00035545471733787107,0
857,46,0.00034789185101153334,0
341,46,0.00034789185101153334,0
32,46,0.00034789185101153334,0
637,46,0.00034789185101153334,0
13,45,0.00034032898468519567,0
394,45,0.00034032898468519567,0
410,45,0.00034032898468519567,0
649,45,0.00034032898468519567,0
601,45,0.00034032898468519567,0
667,45,0.00034032898468519567,0
233,44,0.000332766118358858,0
594,44,0.000332766118358858,0
617,44,0.000332766118358858,0
28,43,0.0003252032520325203,0
352,43,0.0003252032520325203,0
639,43,0.0003252032520325203,0
271,43,0.0003252032520325203,0
441,42,0.00031764038570618265,0
100,42,0.00031764038570618265,0
105,42,0.00031764038570618265,0
294,42,0.00031764038570618265,0
255,42,0.00031764038570618265,0
23,41,0.000310077519379845,0
626,41,0.000310077519379845,0
762,41,0.000310077519379845,0
94,41,0.000310077519379845,0
317,41,0.000310077519379845,0
458,41,0.000310077519379845,0
79,40,0.0003025146530535073,0
406,40,0.0003025146530535073,0
242,40,0.0003025146530535073,0
676,40,0.0003025146530535073,0
389,40,0.0003025146530535073,0
263,40,0.0003025146530535073,0
826,40,0.0003025146530535073,0
483,40,0.0003025146530535073,0
339,39,0.0002949517867271696,0
602,39,0.0002949517867271696,0
484,39,0.0002949517867271696,0
775,39,0.0002949517867271696,0
58,39,0.0002949517867271696,0
156,39,0.0002949517867271696,0
822,39,0.0002949517867271696,0
540,39,0.0002949517867271696,0
507,38,0.0002873889204008319,0
276,38,0.0002873889204008319,0
451,38,0.0002873889204008319,0
660,38,0.0002873889204008319,0
111,38,0.0002873889204008319,0
583,38,0.0002873889204008319,0
606,38,0.0002873889204008319,0
664,38,0.0002873889204008319,0
289,38,0.0002873889204008319,0
686,38,0.0002873889204008319,0
92,38,0.0002873889204008319,0
182,37,0.00027982605407449423,0
798,37,0.00027982605407449423,0
854,37,0.00027982605407449423,0
204,37,0.00027982605407449423,0
576,37,0.00027982605407449423,0
404,36,0.00027226318774815656,0
589,36,0.00027226318774815656,0
634,36,0.00027226318774815656,0
214,36,0.00027226318774815656,0
237,36,0.00027226318774815656,0
683,36,0.00027226318774815656,0
653,36,0.00027226318774815656,0
305,36,0.00027226318774815656,0
719,35,0.0002647003214218189,0
491,35,0.0002647003214218189,0
433,35,0.0002647003214218189,0
409,35,0.0002647003214218189,0
654,35,0.0002647003214218189,0
843,35,0.0002647003214218189,0
252,35,0.0002647003214218189,0
504,34,0.0002571374550954812,0
633,34,0.0002571374550954812,0
432,34,0.0002571374550954812,0
488,34,0.0002571374550954812,0
545,34,0.0002571374550954812,0
316,34,0.0002571374550954812,0
705,33,0.0002495745887691435,0
385,33,0.0002495745887691435,0
375,33,0.0002495745887691435,0
336,33,0.0002495745887691435,0
473,33,0.0002495745887691435,0
760,33,0.0002495745887691435,0
682,33,0.0002495745887691435,0
471,33,0.0002495745887691435,0
215,33,0.0002495745887691435,0
532,33,0.0002495745887691435,0
462,33,0.0002495745887691435,0
855,33,0.0002495745887691435,0
132,32,0.0002420117224428058,0
128,32,0.0002420117224428058,0
673,32,0.0002420117224428058,0
700,32,0.0002420117224428058,0
390,32,0.0002420117224428058,0
636,32,0.0002420117224428058,0
35,32,0.0002420117224428058,0
9,31,0.00023444885611646814,0
526,31,0.00023444885611646814,0
358,31,0.00023444885611646814,0
231,31,0.00023444885611646814,0
846,31,0.00023444885611646814,0
16,31,0.00023444885611646814,0
262,31,0.00023444885611646814,0
417,31,0.00023444885611646814,0
551,31,0.00023444885611646814,0
459,31,0.00023444885611646814,0
85,31,0.00023444885611646814,0
54,31,0.00023444885611646814,0
753,30,0.00022688598979013047,0
309,30,0.00022688598979013047,0
281,30,0.00022688598979013047,0
383,30,0.00022688598979013047,0
337,30,0.00022688598979013047,0
300,30,0.00022688598979013047,0
342,30,0.00022688598979013047,0
640,30,0.00022688598979013047,0
230,30,0.00022688598979013047,0
403,30,0.00022688598979013047,0
598,30,0.00022688598979013047,0
446,30,0.00022688598979013047,0
833,30,0.00022688598979013047,0
766,30,0.00022688598979013047,0
14,29,0.00021932312346379277,0
513,29,0.00021932312346379277,0
603,29,0.00021932312346379277,0
393,29,0.00021932312346379277,0
819,29,0.00021932312346379277,0
642,29,0.00021932312346379277,0
688,29,0.00021932312346379277,0
372,29,0.00021932312346379277,0
343,29,0.00021932312346379277,0
778,29,0.00021932312346379277,0
539,29,0.00021932312346379277,0
490,29,0.00021932312346379277,0
122,29,0.00021932312346379277,0
777,28,0.0002117602571374551,0
757,28,0.0002117602571374551,0
296,28,0.0002117602571374551,0
509,28,0.0002117602571374551,0
338,28,0.0002117602571374551,0
257,28,0.0002117602571374551,0
663,28,0.0002117602571374551,0
208,28,0.0002117602571374551,0
453,28,0.0002117602571374551,0
334,27,0.00020419739081111742,0
608,27,0.00020419739081111742,0
407,27,0.00020419739081111742,0
521,27,0.00020419739081111742,0
514,27,0.00020419739081111742,0
531,27,0.00020419739081111742,0
159,27,0.00020419739081111742,0
659,27,0.00020419739081111742,0
378,27,0.00020419739081111742,0
108,27,0.00020419739081111742,0
348,27,0.00020419739081111742,0
858,26,0.00019663452448477972,0
246,26,0.00019663452448477972,0
131,26,0.00019663452448477972,0
140,26,0.00019663452448477972,0
787,26,0.00019663452448477972,0
353,26,0.00019663452448477972,0
283,26,0.00019663452448477972,0
384,26,0.00019663452448477972,0
823,26,0.00019663452448477972,0
809,26,0.00019663452448477972,0
657,26,0.00019663452448477972,0
597,26,0.00019663452448477972,0
369,25,0.00018907165815844205,0
844,25,0.00018907165815844205,0
96,25,0.00018907165815844205,0
413,25,0.00018907165815844205,0
592,25,0.00018907165815844205,0
505,25,0.00018907165815844205,0
420,25,0.00018907165815844205,0
493,25,0.00018907165815844205,0
293,25,0.00018907165815844205,0
72,25,0.00018907165815844205,0
542,24,0.00018150879183210437,0
374,24,0.00018150879183210437,0
726,24,0.00018150879183210437,0
511,24,0.00018150879183210437,0
183,24,0.00018150879183210437,0
690,24,0.00018150879183210437,0
687,24,0.00018150879183210437,0
382,24,0.00018150879183210437,0
303,24,0.00018150879183210437,0
573,23,0.00017394592550576667,0
460,23,0.00017394592550576667,0
218,23,0.00017394592550576667,0
628,23,0.00017394592550576667,0
49,23,0.00017394592550576667,0
41,23,0.00017394592550576667,0
665,23,0.00017394592550576667,0
569,23,0.00017394592550576667,0
442,23,0.00017394592550576667,0
397,23,0.00017394592550576667,0
180,22,0.000166383059179429,0
437,22,0.000166383059179429,0
444,22,0.000166383059179429,0
147,22,0.000166383059179429,0
534,22,0.000166383059179429,0
461,22,0.000166383059179429,0
236,22,0.000166383059179429,0
426,22,0.000166383059179429,0
554,22,0.000166383059179429,0
607,22,0.000166383059179429,0
416,22,0.000166383059179429,0
392,22,0.000166383059179429,0
638,22,0.000166383059179429,0
615,22,0.000166383059179429,0
582,22,0.000166383059179429,0
834,22,0.000166383059179429,0
101,22,0.000166383059179429,0
467,22,0.000166383059179429,0
497,22,0.000166383059179429,0
110,22,0.000166383059179429,0
747,22,0.000166383059179429,0
33,22,0.000166383059179429,0
838,21,0.00015882019285309133,0
478,21,0.00015882019285309133,0
495,21,0.00015882019285309133,0
754,21,0.00015882019285309133,0
99,21,0.00015882019285309133,0
91,21,0.00015882019285309133,0
706,21,0.00015882019285309133,0
126,21,0.00015882019285309133,0
329,21,0.00015882019285309133,0
125,21,0.00015882019285309133,0
732,21,0.00015882019285309133,0
425,21,0.00015882019285309133,0
457,21,0.00015882019285309133,0
486,20,0.00015125732652675365,0
764,20,0.00015125732652675365,0
767,20,0.00015125732652675365,0
355,20,0.00015125732652675365,0
306,20,0.00015125732652675365,0
631,20,0.00015125732652675365,0
200,20,0.00015125732652675365,0
731,20,0.00015125732652675365,0
273,20,0.00015125732652675365,0
595,20,0.00015125732652675365,0
701,20,0.00015125732652675365,0
614,20,0.00015125732652675365,0
646,20,0.00015125732652675365,0
624,20,0.00015125732652675365,0
45,20,0.00015125732652675365,0
330,20,0.00015125732652675365,0
347,20,0.00015125732652675365,0
5,20,0.00015125732652675365,0
117,19,0.00014369446020041595,0
346,19,0.00014369446020041595,0
388,19,0.00014369446020041595,0
643,19,0.00014369446020041595,0
399,19,0.00014369446020041595,0
380,19,0.00014369446020041595,0
367,19,0.00014369446020041595,0
7,19,0.00014369446020041595,0
327,19,0.00014369446020041595,0
790,19,0.00014369446020041595,0
4,19,0.00014369446020041595,0
472,19,0.00014369446020041595,0
181,19,0.00014369446020041595,0
438,19,0.00014369446020041595,0
586,19,0.00014369446020041595,0
530,19,0.00014369446020041595,0
445,19,0.00014369446020041595,0
806,19,0.00014369446020041595,0
740,19,0.00014369446020041595,0
738,19,0.00014369446020041595,0
785,19,0.00014369446020041595,0
499,19,0.00014369446020041595,0
743,19,0.00014369446020041595,0
758,18,0.00013613159387407828,0
3,18,0.00013613159387407828,0
524,18,0.00013613159387407828,0
704,18,0.00013613159387407828,0
245,18,0.00013613159387407828,0
440,18,0.00013613159387407828,0
387,18,0.00013613159387407828,0
436,18,0.00013613159387407828,0
523,18,0.00013613159387407828,0
250,18,0.00013613159387407828,0
149,17,0.0001285687275477406,0
735,17,0.0001285687275477406,0
439,17,0.0001285687275477406,0
678,17,0.0001285687275477406,0
574,17,0.0001285687275477406,0
533,17,0.0001285687275477406,0
562,17,0.0001285687275477406,0
448,17,0.0001285687275477406,0
328,17,0.0001285687275477406,0
578,17,0.0001285687275477406,0
739,17,0.0001285687275477406,0
376,17,0.0001285687275477406,0
835,17,0.0001285687275477406,0
593,17,0.0001285687275477406,0
650,17,0.0001285687275477406,0
804,17,0.0001285687275477406,0
721,16,0.0001210058612214029,0
802,16,0.0001210058612214029,0
20,16,0.0001210058612214029,0
616,16,0.0001210058612214029,0
630,16,0.0001210058612214029,0
584,16,0.0001210058612214029,0
362,16,0.0001210058612214029,0
746,16,0.0001210058612214029,0
279,16,0.0001210058612214029,0
698,16,0.0001210058612214029,0
288,16,0.0001210058612214029,0
564,16,0.0001210058612214029,0
228,16,0.0001210058612214029,0
696,16,0.0001210058612214029,0
160,16,0.0001210058612214029,0
75,15,0.00011344299489506523,0
469,15,0.00011344299489506523,0
443,15,0.00011344299489506523,0
588,15,0.00011344299489506523,0
585,15,0.00011344299489506523,0
161,15,0.00011344299489506523,0
658,15,0.00011344299489506523,0
232,15,0.00011344299489506523,0
620,15,0.00011344299489506523,0
782,15,0.00011344299489506523,0
795,15,0.00011344299489506523,0
786,15,0.00011344299489506523,0
788,15,0.00011344299489506523,0
365,15,0.00011344299489506523,0
618,15,0.00011344299489506523,0
308,15,0.00011344299489506523,0
47,14,0.00010588012856872755,0
368,14,0.00010588012856872755,0
793,14,0.00010588012856872755,0
290,14,0.00010588012856872755,0
792,14,0.00010588012856872755,0
466,14,0.00010588012856872755,0
748,14,0.00010588012856872755,0
768,14,0.00010588012856872755,0
850,14,0.00010588012856872755,0
563,14,0.00010588012856872755,0
203,14,0.00010588012856872755,0
666,14,0.00010588012856872755,0
641,14,0.00010588012856872755,0
613,14,0.00010588012856872755,0
447,14,0.00010588012856872755,0
734,14,0.00010588012856872755,0
134,14,0.00010588012856872755,0
370,13,9.831726224238986e-05,0
733,13,9.831726224238986e-05,0
715,13,9.831726224238986e-05,0
856,13,9.831726224238986e-05,0
123,13,9.831726224238986e-05,0
120,13,9.831726224238986e-05,0
44,13,9.831726224238986e-05,0
112,13,9.831726224238986e-05,0
621,13,9.831726224238986e-05,0
853,13,9.831726224238986e-05,0
239,13,9.831726224238986e-05,0
529,13,9.831726224238986e-05,0
692,13,9.831726224238986e-05,0
656,13,9.831726224238986e-05,0
12,12,9.075439591605219e-05,0
512,12,9.075439591605219e-05,0
611,12,9.075439591605219e-05,0
361,12,9.075439591605219e-05,0
713,12,9.075439591605219e-05,0
154,12,9.075439591605219e-05,0
783,12,9.075439591605219e-05,0
157,12,9.075439591605219e-05,0
544,12,9.075439591605219e-05,0
652,12,9.075439591605219e-05,0
644,12,9.075439591605219e-05,0
716,12,9.075439591605219e-05,0
590,12,9.075439591605219e-05,0
304,12,9.075439591605219e-05,0
811,12,9.075439591605219e-05,0
56,12,9.075439591605219e-05,0
741,12,9.075439591605219e-05,0
789,12,9.075439591605219e-05,0
162,12,9.075439591605219e-05,0
587,12,9.075439591605219e-05,0
143,12,9.075439591605219e-05,0
114,12,9.075439591605219e-05,0
500,11,8.31915295897145e-05,0
452,11,8.31915295897145e-05,0
625,11,8.31915295897145e-05,0
431,11,8.31915295897145e-05,0
794,11,8.31915295897145e-05,0
402,11,8.31915295897145e-05,0
205,11,8.31915295897145e-05,0
577,11,8.31915295897145e-05,0
52,11,8.31915295897145e-05,0
849,11,8.31915295897145e-05,0
689,11,8.31915295897145e-05,0
580,11,8.31915295897145e-05,0
15,11,8.31915295897145e-05,0
386,11,8.31915295897145e-05,0
18,11,8.31915295897145e-05,0
567,11,8.31915295897145e-05,0
525,11,8.31915295897145e-05,0
685,11,8.31915295897145e-05,0
661,11,8.31915295897145e-05,0
772,11,8.31915295897145e-05,0
697,11,8.31915295897145e-05,0
272,11,8.31915295897145e-05,0
286,11,8.31915295897145e-05,0
179,11,8.31915295897145e-05,0
213,11,8.31915295897145e-05,0
299,10,7.562866326337683e-05,0
815,10,7.562866326337683e-05,0
851,10,7.562866326337683e-05,0
1107,10,7.562866326337683e-05,0
202,10,7.562866326337683e-05,0
1245,10,7.562866326337683e-05,0
395,10,7.562866326337683e-05,0
1314,10,7.562866326337683e-05,0
742,10,7.562866326337683e-05,0
1325,10,7.562866326337683e-05,0
106,10,7.562866326337683e-05,0
371,10,7.562866326337683e-05,0
485,10,7.562866326337683e-05,0
736,10,7.562866326337683e-05,0
412,10,7.562866326337683e-05,0
791,10,7.562866326337683e-05,0
799,10,7.562866326337683e-05,0
581,10,7.562866326337683e-05,0
610,10,7.562866326337683e-05,0
619,10,7.562866326337683e-05,0
249,10,7.562866326337683e-05,0
198,10,7.562866326337683e-05,0
1533,10,7.562866326337683e-05,0
1459,10,7.562866326337683e-05,0
6,10,7.562866326337683e-05,0
807,9,6.806579693703914e-05,0
871,9,6.806579693703914e-05,0
419,9,6.806579693703914e-05,0
720,9,6.806579693703914e-05,0
1029,9,6.806579693703914e-05,0
895,9,6.806579693703914e-05,0
124,9,6.806579693703914e-05,0
868,9,6.806579693703914e-05,0
158,9,6.806579693703914e-05,0
994,9,6.806579693703914e-05,0
1300,9,6.806579693703914e-05,0
1011,9,6.806579693703914e-05,0
1023,9,6.806579693703914e-05,0
1458,9,6.806579693703914e-05,0
1215,9,6.806579693703914e-05,0
1082,9,6.806579693703914e-05,0
1096,9,6.806579693703914e-05,0
1125,9,6.806579693703914e-05,0
839,9,6.806579693703914e-05,0
892,9,6.806579693703914e-05,0
1098,9,6.806579693703914e-05,0
945,9,6.806579693703914e-05,0
695,9,6.806579693703914e-05,0
1485,9,6.806579693703914e-05,0
1486,9,6.806579693703914e-05,0
163,9,6.806579693703914e-05,0
612,9,6.806579693703914e-05,0
1182,9,6.806579693703914e-05,0
1139,9,6.806579693703914e-05,0
1487,8,6.050293061070145e-05,0
1031,8,6.050293061070145e-05,0
1025,8,6.050293061070145e-05,0
1026,8,6.050293061070145e-05,0
862,8,6.050293061070145e-05,0
872,8,6.050293061070145e-05,0
1310,8,6.050293061070145e-05,0
988,8,6.050293061070145e-05,0
1545,8,6.050293061070145e-05,0
1100,8,6.050293061070145e-05,0
1263,8,6.050293061070145e-05,0
1283,8,6.050293061070145e-05,0
1260,8,6.050293061070145e-05,0
912,8,6.050293061070145e-05,0
1404,8,6.050293061070145e-05,0
1403,8,6.050293061070145e-05,0
1117,8,6.050293061070145e-05,0
1078,8,6.050293061070145e-05,0
1145,8,6.050293061070145e-05,0
939,8,6.050293061070145e-05,0
941,8,6.050293061070145e-05,0
1460,8,6.050293061070145e-05,0
708,8,6.050293061070145e-05,0
761,8,6.050293061070145e-05,0
908,8,6.050293061070145e-05,0
627,8,6.050293061070145e-05,0
800,8,6.050293061070145e-05,0
1316,8,6.050293061070145e-05,0
1332,8,6.050293061070145e-05,0
904,8,6.050293061070145e-05,0
201,8,6.050293061070145e-05,0
894,8,6.050293061070145e-05,0
948,8,6.050293061070145e-05,0
1371,8,6.050293061070145e-05,0
955,8,6.050293061070145e-05,0
896,7,5.294006428436377e-05,0
1014,7,5.294006428436377e-05,0
902,7,5.294006428436377e-05,0
1140,7,5.294006428436377e-05,0
776,7,5.294006428436377e-05,0
1141,7,5.294006428436377e-05,0
1166,7,5.294006428436377e-05,0
1530,7,5.294006428436377e-05,0
1022,7,5.294006428436377e-05,0
1012,7,5.294006428436377e-05,0
886,7,5.294006428436377e-05,0
1038,7,5.294006428436377e-05,0
1307,7,5.294006428436377e-05,0
1496,7,5.294006428436377e-05,0
1526,7,5.294006428436377e-05,0
1473,7,5.294006428436377e-05,0
1524,7,5.294006428436377e-05,0
1505,7,5.294006428436377e-05,0
596,7,5.294006428436377e-05,0
1259,7,5.294006428436377e-05,0
1079,7,5.294006428436377e-05,0
1132,7,5.294006428436377e-05,0
1212,7,5.294006428436377e-05,0
1121,7,5.294006428436377e-05,0
1288,7,5.294006428436377e-05,0
1262,7,5.294006428436377e-05,0
995,7,5.294006428436377e-05,0
937,7,5.294006428436377e-05,0
1137,7,5.294006428436377e-05,0
932,7,5.294006428436377e-05,0
1068,7,5.294006428436377e-05,0
1000,7,5.294006428436377e-05,0
891,7,5.294006428436377e-05,0
1461,7,5.294006428436377e-05,0
931,7,5.294006428436377e-05,0
974,7,5.294006428436377e-05,0
1338,7,5.294006428436377e-05,0
1339,6,4.537719795802609e-05,0
1408,6,4.537719795802609e-05,0
1076,6,4.537719795802609e-05,0
877,6,4.537719795802609e-05,0
1112,6,4.537719795802609e-05,0
1196,6,4.537719795802609e-05,0
1167,6,4.537719795802609e-05,0
1448,6,4.537719795802609e-05,0
1188,6,4.537719795802609e-05,0
1508,6,4.537719795802609e-05,0
1013,6,4.537719795802609e-05,0
893,6,4.537719795802609e-05,0
1420,6,4.537719795802609e-05,0
1381,6,4.537719795802609e-05,0
1392,6,4.537719795802609e-05,0
951,6,4.537719795802609e-05,0
1268,6,4.537719795802609e-05,0
1264,6,4.537719795802609e-05,0
1006,6,4.537719795802609e-05,0
1306,6,4.537719795802609e-05,0
1018,6,4.537719795802609e-05,0
987,6,4.537719795802609e-05,0
1142,6,4.537719795802609e-05,0
1043,6,4.537719795802609e-05,0
1062,6,4.537719795802609e-05,0
867,6,4.537719795802609e-05,0
897,6,4.537719795802609e-05,0
1015,6,4.537719795802609e-05,0
1374,6,4.537719795802609e-05,0
1034,6,4.537719795802609e-05,0
1298,6,4.537719795802609e-05,0
1354,6,4.537719795802609e-05,0
1083,6,4.537719795802609e-05,0
915,6,4.537719795802609e-05,0
1156,5,3.781433163168841e-05,0
1152,5,3.781433163168841e-05,0
1488,5,3.781433163168841e-05,0
1169,5,3.781433163168841e-05,0
1472,5,3.781433163168841e-05,0
1490,5,3.781433163168841e-05,0
1430,5,3.781433163168841e-05,0
1230,5,3.781433163168841e-05,0
1504,5,3.781433163168841e-05,0
1422,5,3.781433163168841e-05,0
883,5,3.781433163168841e-05,0
1537,5,3.781433163168841e-05,0
998,5,3.781433163168841e-05,0
992,5,3.781433163168841e-05,0
1290,5,3.781433163168841e-05,0
1304,5,3.781433163168841e-05,0
1074,5,3.781433163168841e-05,0
1103,5,3.781433163168841e-05,0
1257,5,3.781433163168841e-05,0
1256,5,3.781433163168841e-05,0
950,5,3.781433163168841e-05,0
933,5,3.781433163168841e-05,0
1393,5,3.781433163168841e-05,0
880,5,3.781433163168841e-05,0
1235,5,3.781433163168841e-05,0
1225,5,3.781433163168841e-05,0
1229,5,3.781433163168841e-05,0
964,5,3.781433163168841e-05,0
870,5,3.781433163168841e-05,0
899,5,3.781433163168841e-05,0
1009,5,3.781433163168841e-05,0
1365,5,3.781433163168841e-05,0
1359,5,3.781433163168841e-05,0
949,5,3.781433163168841e-05,0
1047,5,3.781433163168841e-05,0
1053,5,3.781433163168841e-05,0
1372,5,3.781433163168841e-05,0
1319,5,3.781433163168841e-05,0
1017,5,3.781433163168841e-05,0
1037,5,3.781433163168841e-05,0
977,5,3.781433163168841e-05,0
1515,5,3.781433163168841e-05,0
1493,5,3.781433163168841e-05,0
1495,5,3.781433163168841e-05,0
1542,4,3.0251465305350726e-05,0
1500,4,3.0251465305350726e-05,0
1538,4,3.0251465305350726e-05,0
1449,4,3.0251465305350726e-05,0
1502,4,3.0251465305350726e-05,0
1528,4,3.0251465305350726e-05,0
1506,4,3.0251465305350726e-05,0
1527,4,3.0251465305350726e-05,0
1324,4,3.0251465305350726e-05,0
983,4,3.0251465305350726e-05,0
975,4,3.0251465305350726e-05,0
976,4,3.0251465305350726e-05,0
978,4,3.0251465305350726e-05,0
1336,4,3.0251465305350726e-05,0
957,4,3.0251465305350726e-05,0
946,4,3.0251465305350726e-05,0
1369,4,3.0251465305350726e-05,0
1351,4,3.0251465305350726e-05,0
1364,4,3.0251465305350726e-05,0
1055,4,3.0251465305350726e-05,0
1299,4,3.0251465305350726e-05,0
1067,4,3.0251465305350726e-05,0
1059,4,3.0251465305350726e-05,0
1019,4,3.0251465305350726e-05,0
1021,4,3.0251465305350726e-05,0
1028,4,3.0251465305350726e-05,0
1036,4,3.0251465305350726e-05,0
1313,4,3.0251465305350726e-05,0
1323,4,3.0251465305350726e-05,0
929,4,3.0251465305350726e-05,0
860,4,3.0251465305350726e-05,0
1113,4,3.0251465305350726e-05,0
1110,4,3.0251465305350726e-05,0
1198,4,3.0251465305350726e-05,0
1150,4,3.0251465305350726e-05,0
940,4,3.0251465305350726e-05,0
938,4,3.0251465305350726e-05,0
1531,4,3.0251465305350726e-05,0
1532,4,3.0251465305350726e-05,0
1534,4,3.0251465305350726e-05,0
1518,4,3.0251465305350726e-05,0
1548,4,3.0251465305350726e-05,0
1179,4,3.0251465305350726e-05,0
1159,4,3.0251465305350726e-05,0
956,4,3.0251465305350726e-05,0
991,4,3.0251465305350726e-05,0
999,4,3.0251465305350726e-05,0
916,4,3.0251465305350726e-05,0
1406,4,3.0251465305350726e-05,0
1379,4,3.0251465305350726e-05,0
973,4,3.0251465305350726e-05,0
1384,4,3.0251465305350726e-05,0
1386,4,3.0251465305350726e-05,0
1075,4,3.0251465305350726e-05,0
920,4,3.0251465305350726e-05,0
924,4,3.0251465305350726e-05,0
923,4,3.0251465305350726e-05,0
925,4,3.0251465305350726e-05,0
1102,4,3.0251465305350726e-05,0
1254,4,3.0251465305350726e-05,0
1291,4,3.0251465305350726e-05,0
890,4,3.0251465305350726e-05,0
879,4,3.0251465305350726e-05,0
1439,4,3.0251465305350726e-05,0
1106,4,3.0251465305350726e-05,0
1218,4,3.0251465305350726e-05,0
1223,4,3.0251465305350726e-05,0
1217,4,3.0251465305350726e-05,0
1231,4,3.0251465305350726e-05,0
1510,4,3.0251465305350726e-05,0
1477,3,2.2688598979013047e-05,0
1535,3,2.2688598979013047e-05,0
1516,3,2.2688598979013047e-05,0
1501,3,2.2688598979013047e-05,0
1456,3,2.2688598979013047e-05,0
1491,3,2.2688598979013047e-05,0
1543,3,2.2688598979013047e-05,0
1321,3,2.2688598979013047e-05,0
1318,3,2.2688598979013047e-05,0
1315,3,2.2688598979013047e-05,0
1337,3,2.2688598979013047e-05,0
979,3,2.2688598979013047e-05,0
1333,3,2.2688598979013047e-05,0
1476,3,2.2688598979013047e-05,0
1489,3,2.2688598979013047e-05,0
996,3,2.2688598979013047e-05,0
993,3,2.2688598979013047e-05,0
1004,3,2.2688598979013047e-05,0
1002,3,2.2688598979013047e-05,0
1341,3,2.2688598979013047e-05,0
1345,3,2.2688598979013047e-05,0
953,3,2.2688598979013047e-05,0
1370,3,2.2688598979013047e-05,0
1234,3,2.2688598979013047e-05,0
960,3,2.2688598979013047e-05,0
972,3,2.2688598979013047e-05,0
1382,3,2.2688598979013047e-05,0
1376,3,2.2688598979013047e-05,0
1400,3,2.2688598979013047e-05,0
1394,3,2.2688598979013047e-05,0
1398,3,2.2688598979013047e-05,0
917,3,2.2688598979013047e-05,0
1401,3,2.2688598979013047e-05,0
1280,3,2.2688598979013047e-05,0
1267,3,2.2688598979013047e-05,0
1303,3,2.2688598979013047e-05,0
1088,3,2.2688598979013047e-05,0
922,3,2.2688598979013047e-05,0
913,3,2.2688598979013047e-05,0
1243,3,2.2688598979013047e-05,0
1089,3,2.2688598979013047e-05,0
1042,3,2.2688598979013047e-05,0
1041,3,2.2688598979013047e-05,0
1033,3,2.2688598979013047e-05,0
1030,3,2.2688598979013047e-05,0
1051,3,2.2688598979013047e-05,0
1054,3,2.2688598979013047e-05,0
1108,3,2.2688598979013047e-05,0
1114,3,2.2688598979013047e-05,0
1138,3,2.2688598979013047e-05,0
1131,3,2.2688598979013047e-05,0
1214,3,2.2688598979013047e-05,0
1216,3,2.2688598979013047e-05,0
1213,3,2.2688598979013047e-05,0
1227,3,2.2688598979013047e-05,0
1409,3,2.2688598979013047e-05,0
1415,3,2.2688598979013047e-05,0
1419,3,2.2688598979013047e-05,0
1421,3,2.2688598979013047e-05,0
1427,3,2.2688598979013047e-05,0
1426,3,2.2688598979013047e-05,0
1434,3,2.2688598979013047e-05,0
1435,3,2.2688598979013047e-05,0
881,3,2.2688598979013047e-05,0
884,3,2.2688598979013047e-05,0
885,3,2.2688598979013047e-05,0
1134,3,2.2688598979013047e-05,0
1124,3,2.2688598979013047e-05,0
1129,3,2.2688598979013047e-05,0
930,3,2.2688598979013047e-05,0
905,3,2.2688598979013047e-05,0
1184,3,2.2688598979013047e-05,0
1193,3,2.2688598979013047e-05,0
876,3,2.2688598979013047e-05,0
863,3,2.2688598979013047e-05,0
888,3,2.2688598979013047e-05,0
900,3,2.2688598979013047e-05,0
901,3,2.2688598979013047e-05,0
887,3,2.2688598979013047e-05,0
864,3,2.2688598979013047e-05,0
1147,3,2.2688598979013047e-05,0
1163,3,2.2688598979013047e-05,0
1157,3,2.2688598979013047e-05,0
1165,3,2.2688598979013047e-05,0
1151,3,2.2688598979013047e-05,0
1507,3,2.2688598979013047e-05,0
1511,3,2.2688598979013047e-05,0
1494,2,1.5125732652675363e-05,0
1509,2,1.5125732652675363e-05,0
1497,2,1.5125732652675363e-05,0
1513,2,1.5125732652675363e-05,0
1544,2,1.5125732652675363e-05,0
1498,2,1.5125732652675363e-05,0
1540,2,1.5125732652675363e-05,0
1539,2,1.5125732652675363e-05,0
1470,2,1.5125732652675363e-05,0
1522,2,1.5125732652675363e-05,0
1438,2,1.5125732652675363e-05,0
882,2,1.5125732652675363e-05,0
903,2,1.5125732652675363e-05,0
1423,2,1.5125732652675363e-05,0
1431,2,1.5125732652675363e-05,0
1432,2,1.5125732652675363e-05,0
1418,2,1.5125732652675363e-05,0
926,2,1.5125732652675363e-05,0
928,2,1.5125732652675363e-05,0
934,2,1.5125732652675363e-05,0
935,2,1.5125732652675363e-05,0
936,2,1.5125732652675363e-05,0
1118,2,1.5125732652675363e-05,0
1120,2,1.5125732652675363e-05,0
1127,2,1.5125732652675363e-05,0
1128,2,1.5125732652675363e-05,0
1204,2,1.5125732652675363e-05,0
1205,2,1.5125732652675363e-05,0
1202,2,1.5125732652675363e-05,0
1185,2,1.5125732652675363e-05,0
1189,2,1.5125732652675363e-05,0
1191,2,1.5125732652675363e-05,0
1399,2,1.5125732652675363e-05,0
1405,2,1.5125732652675363e-05,0
910,2,1.5125732652675363e-05,0
911,2,1.5125732652675363e-05,0
918,2,1.5125732652675363e-05,0
1387,2,1.5125732652675363e-05,0
1391,2,1.5125732652675363e-05,0
1397,2,1.5125732652675363e-05,0
969,2,1.5125732652675363e-05,0
1383,2,1.5125732652675363e-05,0
961,2,1.5125732652675363e-05,0
966,2,1.5125732652675363e-05,0
1080,2,1.5125732652675363e-05,0
1224,2,1.5125732652675363e-05,0
1210,2,1.5125732652675363e-05,0
942,2,1.5125732652675363e-05,0
1360,2,1.5125732652675363e-05,0
1366,2,1.5125732652675363e-05,0
1347,2,1.5125732652675363e-05,0
1350,2,1.5125732652675363e-05,0
1353,2,1.5125732652675363e-05,0
1355,2,1.5125732652675363e-05,0
1003,2,1.5125732652675363e-05,0
1343,2,1.5125732652675363e-05,0
1344,2,1.5125732652675363e-05,0
1340,2,1.5125732652675363e-05,0
980,2,1.5125732652675363e-05,0
984,2,1.5125732652675363e-05,0
986,2,1.5125732652675363e-05,0
1322,2,1.5125732652675363e-05,0
1326,2,1.5125732652675363e-05,0
1334,2,1.5125732652675363e-05,0
1035,2,1.5125732652675363e-05,0
1309,2,1.5125732652675363e-05,0
1311,2,1.5125732652675363e-05,0
1069,2,1.5125732652675363e-05,0
1070,2,1.5125732652675363e-05,0
1007,2,1.5125732652675363e-05,0
1008,2,1.5125732652675363e-05,0
1016,2,1.5125732652675363e-05,0
1024,2,1.5125732652675363e-05,0
1057,2,1.5125732652675363e-05,0
1058,2,1.5125732652675363e-05,0
1064,2,1.5125732652675363e-05,0
1065,2,1.5125732652675363e-05,0
1046,2,1.5125732652675363e-05,0
1050,2,1.5125732652675363e-05,0
1056,2,1.5125732652675363e-05,0
1294,2,1.5125732652675363e-05,0
1296,2,1.5125732652675363e-05,0
1297,2,1.5125732652675363e-05,0
1284,2,1.5125732652675363e-05,0
1289,2,1.5125732652675363e-05,0
1281,2,1.5125732652675363e-05,0
1258,2,1.5125732652675363e-05,0
1249,2,1.5125732652675363e-05,0
1099,2,1.5125732652675363e-05,0
1101,2,1.5125732652675363e-05,0
1104,2,1.5125732652675363e-05,0
1469,2,1.5125732652675363e-05,0
1450,2,1.5125732652675363e-05,0
874,2,1.5125732652675363e-05,0
1442,2,1.5125732652675363e-05,0
1444,2,1.5125732652675363e-05,0
906,2,1.5125732652675363e-05,0
909,2,1.5125732652675363e-05,0
866,2,1.5125732652675363e-05,0
869,2,1.5125732652675363e-05,0
1173,2,1.5125732652675363e-05,0
1176,2,1.5125732652675363e-05,0
1154,2,1.5125732652675363e-05,0
1162,2,1.5125732652675363e-05,0
1536,2,1.5125732652675363e-05,0
1148,2,1.5125732652675363e-05,0
1475,2,1.5125732652675363e-05,0
1478,2,1.5125732652675363e-05,0
1479,2,1.5125732652675363e-05,0
1474,1,7.562866326337682e-06,0
1480,1,7.562866326337682e-06,0
1481,1,7.562866326337682e-06,-1
1482,1,7.562866326337682e-06,-1
1483,1,7.562866326337682e-06,0
1492,1,7.562866326337682e-06,0
1525,1,7.562866326337682e-06,-1
1529,1,7.562866326337682e-06,-1
1143,1,7.562866326337682e-06,-1
1146,1,7.562866326337682e-06,-1
1149,1,7.562866326337682e-06,-1
1153,1,7.562866326337682e-06,-1
1155,1,7.562866326337682e-06,-1
1158,1,7.562866326337682e-06,-1
1160,1,7.562866326337682e-06,-1
1161,1,7.562866326337682e-06,-1
1164,1,7.562866326337682e-06,-1
1168,1,7.562866326337682e-06,-1
1170,1,7.562866326337682e-06,-1
1171,1,7.562866326337682e-06,-1
1172,1,7.562866326337682e-06,-1
1174,1,7.562866326337682e-06,-1
1177,1,7.562866326337682e-06,-1
907,1,7.562866326337682e-06,-1
861,1,7.562866326337682e-06,-1
865,1,7.562866326337682e-06,-1
873,1,7.562866326337682e-06,0
875,1,7.562866326337682e-06,0
1440,1,7.562866326337682e-06,0
1441,1,7.562866326337682e-06,0
1443,1,7.562866326337682e-06,0
1446,1,7.562866326337682e-06,0
1447,1,7.562866326337682e-06,0
1451,1,7.562866326337682e-06,0
1452,1,7.562866326337682e-06,-1
1453,1,7.562866326337682e-06,-1
1454,1,7.562866326337682e-06,-1
1455,1,7.562866326337682e-06,-1
1457,1,7.562866326337682e-06,-1
1462,1,7.562866326337682e-06,-1
1463,1,7.562866326337682e-06,-1
1464,1,7.562866326337682e-06,-1
1465,1,7.562866326337682e-06,-1
1466,1,7.562866326337682e-06,-1
1467,1,7.562866326337682e-06,-1
1468,1,7.562866326337682e-06,-1
1094,1,7.562866326337682e-06,0
1095,1,7.562866326337682e-06,0
1105,1,7.562866326337682e-06,0
1242,1,7.562866326337682e-06,0
1246,1,7.562866326337682e-06,0
1247,1,7.562866326337682e-06,0
1248,1,7.562866326337682e-06,0
1250,1,7.562866326337682e-06,0
1251,1,7.562866326337682e-06,0
1252,1,7.562866326337682e-06,0
1253,1,7.562866326337682e-06,0
1255,1,7.562866326337682e-06,0
1261,1,7.562866326337682e-06,0
1265,1,7.562866326337682e-06,0
1266,1,7.562866326337682e-06,0
1269,1,7.562866326337682e-06,0
1270,1,7.562866326337682e-06,0
1271,1,7.562866326337682e-06,0
1272,1,7.562866326337682e-06,0
1273,1,7.562866326337682e-06,-1
1274,1,7.562866326337682e-06,-1
1275,1,7.562866326337682e-06,-1
1276,1,7.562866326337682e-06,-1
1277,1,7.562866326337682e-06,-1
1278,1,7.562866326337682e-06,-1
1279,1,7.562866326337682e-06,-1
1282,1,7.562866326337682e-06,-1
1285,1,7.562866326337682e-06,-1
1286,1,7.562866326337682e-06,-1
1287,1,7.562866326337682e-06,-1
1292,1,7.562866326337682e-06,-1
1293,1,7.562866326337682e-06,-1
1295,1,7.562866326337682e-06,0
1301,1,7.562866326337682e-06,0
1302,1,7.562866326337682e-06,0
1305,1,7.562866326337682e-06,-1
1040,1,7.562866326337682e-06,0
1044,1,7.562866326337682e-06,0
1045,1,7.562866326337682e-06,0
1048,1,7.562866326337682e-06,0
1049,1,7.562866326337682e-06,0
1052,1,7.562866326337682e-06,0
1060,1,7.562866326337682e-06,-1
1061,1,7.562866326337682e-06,-1
1063,1,7.562866326337682e-06,-1
1066,1,7.562866326337682e-06,-1
1071,1,7.562866326337682e-06,-1
1020,1,7.562866326337682e-06,-1
1027,1,7.562866326337682e-06,-1
1032,1,7.562866326337682e-06,-1
1039,1,7.562866326337682e-06,0
1308,1,7.562866326337682e-06,-1
1312,1,7.562866326337682e-06,-1
1320,1,7.562866326337682e-06,-1
1327,1,7.562866326337682e-06,-1
1328,1,7.562866326337682e-06,-1
1330,1,7.562866326337682e-06,-1
1331,1,7.562866326337682e-06,-1
1335,1,7.562866326337682e-06,-1
981,1,7.562866326337682e-06,-1
982,1,7.562866326337682e-06,-1
985,1,7.562866326337682e-06,-1
990,1,7.562866326337682e-06,-1
997,1,7.562866326337682e-06,-1
1001,1,7.562866326337682e-06,-1
1005,1,7.562866326337682e-06,-1
1342,1,7.562866326337682e-06,-1
1348,1,7.562866326337682e-06,-1
1349,1,7.562866326337682e-06,-1
1352,1,7.562866326337682e-06,-1
1356,1,7.562866326337682e-06,-1
1357,1,7.562866326337682e-06,-1
1361,1,7.562866326337682e-06,-1
1363,1,7.562866326337682e-06,-1
1367,1,7.562866326337682e-06,-1
1368,1,7.562866326337682e-06,-1
1373,1,7.562866326337682e-06,-1
1375,1,7.562866326337682e-06,-1
943,1,7.562866326337682e-06,-1
944,1,7.562866326337682e-06,-1
947,1,7.562866326337682e-06,-1
952,1,7.562866326337682e-06,-1
954,1,7.562866326337682e-06,-1
958,1,7.562866326337682e-06,-1
1133,1,7.562866326337682e-06,-1
1135,1,7.562866326337682e-06,-1
1136,1,7.562866326337682e-06,-1
1208,1,7.562866326337682e-06,0
1209,1,7.562866326337682e-06,0
1211,1,7.562866326337682e-06,0
1220,1,7.562866326337682e-06,0
1221,1,7.562866326337682e-06,0
1222,1,7.562866326337682e-06,0
1226,1,7.562866326337682e-06,0
1228,1,7.562866326337682e-06,-1
1232,1,7.562866326337682e-06,-1
1233,1,7.562866326337682e-06,-1
1236,1,7.562866326337682e-06,-1
1237,1,7.562866326337682e-06,-1
1239,1,7.562866326337682e-06,-1
1240,1,7.562866326337682e-06,0
1241,1,7.562866326337682e-06,0
1072,1,7.562866326337682e-06,-1
1073,1,7.562866326337682e-06,-1
1077,1,7.562866326337682e-06,-1
1081,1,7.562866326337682e-06,-1
1085,1,7.562866326337682e-06,-1
1086,1,7.562866326337682e-06,-1
1087,1,7.562866326337682e-06,-1
1090,1,7.562866326337682e-06,0
1091,1,7.562866326337682e-06,0
1092,1,7.562866326337682e-06,0
1093,1,7.562866326337682e-06,0
959,1,7.562866326337682e-06,-1
962,1,7.562866326337682e-06,-1
963,1,7.562866326337682e-06,-1
965,1,7.562866326337682e-06,-1
967,1,7.562866326337682e-06,-1
968,1,7.562866326337682e-06,-1
970,1,7.562866326337682e-06,-1
971,1,7.562866326337682e-06,-1
1377,1,7.562866326337682e-06,-1
1378,1,7.562866326337682e-06,-1
1380,1,7.562866326337682e-06,-1
1385,1,7.562866326337682e-06,-1
1388,1,7.562866326337682e-06,-1
1389,1,7.562866326337682e-06,-1
1390,1,7.562866326337682e-06,-1
1395,1,7.562866326337682e-06,-1
1396,1,7.562866326337682e-06,-1
1402,1,7.562866326337682e-06,-1
1407,1,7.562866326337682e-06,-1
914,1,7.562866326337682e-06,0
1178,1,7.562866326337682e-06,-1
1180,1,7.562866326337682e-06,-1
1181,1,7.562866326337682e-06,-1
1186,1,7.562866326337682e-06,-1
1190,1,7.562866326337682e-06,-1
1192,1,7.562866326337682e-06,-1
1194,1,7.562866326337682e-06,-1
1195,1,7.562866326337682e-06,-1
1197,1,7.562866326337682e-06,-1
1199,1,7.562866326337682e-06,-1
1200,1,7.562866326337682e-06,-1
1203,1,7.562866326337682e-06,-1
1206,1,7.562866326337682e-06,0
1207,1,7.562866326337682e-06,0
1109,1,7.562866326337682e-06,0
1111,1,7.562866326337682e-06,0
1115,1,7.562866326337682e-06,0
1116,1,7.562866326337682e-06,0
1119,1,7.562866326337682e-06,-1
1122,1,7.562866326337682e-06,-1
1123,1,7.562866326337682e-06,-1
1126,1,7.562866326337682e-06,-1
919,1,7.562866326337682e-06,0
921,1,7.562866326337682e-06,0
927,1,7.562866326337682e-06,0
1410,1,7.562866326337682e-06,-1
1411,1,7.562866326337682e-06,-1
1412,1,7.562866326337682e-06,-1
1413,1,7.562866326337682e-06,-1
1414,1,7.562866326337682e-06,-1
1416,1,7.562866326337682e-06,-1
1417,1,7.562866326337682e-06,-1
1424,1,7.562866326337682e-06,0
1425,1,7.562866326337682e-06,0
1428,1,7.562866326337682e-06,0
1429,1,7.562866326337682e-06,0
1433,1,7.562866326337682e-06,0
1436,1,7.562866326337682e-06,-1
1437,1,7.562866326337682e-06,-1
878,1,7.562866326337682e-06,-1
889,1,7.562866326337682e-06,-1
898,1,7.562866326337682e-06,-1
1523,1,7.562866326337682e-06,-1
1471,1,7.562866326337682e-06,0
1503,1,7.562866326337682e-06,0
1521,1,7.562866326337682e-06,0
1520,1,7.562866326337682e-06,0
1541,1,7.562866326337682e-06,0
1499,1,7.562866326337682e-06,0
1519,1,7.562866326337682e-06,0
1517,1,7.562866326337682e-06,0
1514,1,7.562866326337682e-06,0
1546,1,7.562866326337682e-06,0
1547,1,7.562866326337682e-06,0
1512,1,7.562866326337682e-06,0
