neuron,cohens_d
0,0.5932139754295349
1,0.361406534910202
2,0.3122638761997223
3,0.663729190826416
4,0.33829596638679504
5,0.30635732412338257
6,0.011212616227567196
7,0.2170175015926361
8,0.19209595024585724
9,0.3076932728290558
10,0.9860650897026062
11,-0.0764259621500969
12,0.24490198493003845
13,0.20686382055282593
14,0.7263217568397522
15,0.9854679703712463
16,0.4434027671813965
17,0.43502652645111084
18,0.3203698396682739
19,0.27464941143989563
20,-0.08043037354946136
21,-0.2036561667919159
22,0.22279392182826996
23,1.0052076578140259
24,0.21921634674072266
25,0.3958814740180969
26,0.683442234992981
27,0.1840953677892685
28,-0.2967106103897095
29,0.027977000921964645
30,0.5578858256340027
31,0.09405785799026489
32,1.2459148168563843
33,-0.16586968302726746
34,0.029150325804948807
35,0.6425371170043945
36,0.1234261691570282
37,0.4009845554828644
38,0.27130189538002014
39,0.28604820370674133
40,0.21822908520698547
41,0.8071050643920898
42,0.06362879276275635
43,0.8058922290802002
44,-0.05287952348589897
45,0.7022032141685486
46,0.42981332540512085
47,1.0139158964157104
48,0.4094632863998413
49,-0.13349828124046326
50,0.6182692050933838
51,-0.21461352705955505
52,0.928031861782074
53,0.8309869170188904
54,0.5935100317001343
55,0.039879895746707916
56,1.2345404624938965
57,0.7350893020629883
58,0.10444772988557816
59,0.5650705099105835
60,0.45731061697006226
61,0.6139966249465942
62,0.7491165399551392
63,0.7676029205322266
64,-0.0735483467578888
65,-0.07046618312597275
66,0.4534727931022644
67,0.29226386547088623
68,0.4138466417789459
69,0.850584089756012
70,0.7672824263572693
71,0.662207305431366
72,0.7749910354614258
73,0.7269619107246399
74,0.13578331470489502
75,0.6467607617378235
76,0.6356455087661743
77,0.40222546458244324
78,0.07553354650735855
79,0.09420862793922424
80,0.9459613561630249
81,-0.7062697410583496
82,0.22264575958251953
83,-0.3151592016220093
84,0.1581224650144577
85,0.7358763813972473
86,0.7393807768821716
87,0.08688186854124069
88,0.07225698232650757
89,1.414097547531128
90,0.2956084907054901
91,0.9589475393295288
92,0.951798141002655
93,-0.0844600573182106
94,0.7564067244529724
95,0.5562983155250549
96,0.5728199481964111
97,0.6196468472480774
98,0.49248090386390686
99,0.5073320865631104
100,-0.5458963513374329
101,-0.8160929083824158
102,0.9847917556762695
103,0.9681944251060486
104,0.186873659491539
105,0.09660197794437408
106,-0.04093501344323158
107,0.35376521944999695
108,-0.07334877550601959
109,0.6710262894630432
110,0.7088419198989868
111,0.9495818018913269
112,0.7132157683372498
113,0.640911340713501
114,0.12076279520988464
115,0.3881208896636963
116,-0.4361027777194977
117,0.9254630208015442
118,0.9930856823921204
119,-0.1550401896238327
120,0.5774815082550049
121,-0.4358217120170593
122,0.4968773424625397
123,0.9402866959571838
124,0.6985939741134644
125,0.9021385312080383
126,0.21804116666316986
127,0.3026551306247711
128,0.2522504925727844
129,0.16173845529556274
130,0.25268855690956116
131,0.5688608884811401
132,0.9045180082321167
133,0.9424262642860413
134,0.019218655303120613
135,0.26409637928009033
136,-0.17897707223892212
137,0.2127588391304016
138,0.44549402594566345
139,0.3128042221069336
140,-0.10964077711105347
141,-0.008536793291568756
142,0.7221950888633728
143,0.8955060243606567
144,-0.47633376717567444
145,0.4097592532634735
146,-0.14321137964725494
147,-0.07775073498487473
148,0.456976979970932
149,1.1333260536193848
150,-0.41797107458114624
151,0.5689103007316589
152,-0.38731029629707336
153,0.20233803987503052
154,1.0154755115509033
155,0.5045782923698425
156,-0.10949669033288956
157,0.7853694558143616
158,0.5776118636131287
159,-0.4199810028076172
160,-0.9897372126579285
161,0.5084940195083618
162,0.3926416039466858
163,0.971890926361084
164,0.661436915397644
165,0.8395479917526245
166,0.26998835802078247
167,1.1639374494552612
168,0.806435763835907
169,0.11869211494922638
170,-0.4606162905693054
171,0.5805197358131409
172,0.34574419260025024
173,0.3361850380897522
174,-0.42290064692497253
175,0.3396022319793701
176,0.857979416847229
177,0.12326280772686005
178,0.832753598690033
179,0.17411155998706818
180,0.04113151878118515
181,0.0937453880906105
182,0.2195775955915451
183,-0.4720771908760071
184,0.17664934694766998
185,0.8793971538543701
186,0.08155697584152222
187,0.7778444886207581
188,0.3682750463485718
189,1.4434243440628052
190,0.8422793745994568
191,0.33476340770721436
192,0.30450308322906494
193,0.8151262998580933
194,0.4591215252876282
195,0.2845214903354645
196,0.3865364193916321
197,-0.1404481679201126
198,0.46454519033432007
199,0.37027519941329956
200,0.3765598237514496
201,0.5987467169761658
202,0.04940177872776985
203,1.0050349235534668
204,0.6407123804092407
205,0.5320894718170166
206,0.7898799777030945
207,0.13348957896232605
208,0.5267667174339294
209,0.01686970144510269
210,0.006780738476663828
211,0.15451984107494354
212,0.9286240935325623
213,0.18255475163459778
214,0.11235867440700531
215,1.1167185306549072
216,-0.2467426061630249
217,0.4902176856994629
218,1.0590550899505615
219,-0.25789105892181396
220,0.9016501903533936
221,0.4649980366230011
222,0.32192254066467285
223,0.4116923213005066
224,0.43434593081474304
225,0.4449264407157898
226,-0.2705252170562744
227,1.233672857284546
228,0.4327424466609955
229,0.09750296920537949
230,0.24527646601200104
231,0.9449611306190491
232,-0.2685253620147705
233,0.7219905257225037
234,0.7706274390220642
235,0.9678425788879395
236,-0.6596803069114685
237,0.5482959151268005
238,0.9381539225578308
239,0.47292855381965637
240,0.6713082790374756
241,0.1200312003493309
242,0.38018760085105896
243,0.17646893858909607
244,0.741761326789856
245,-0.06726888567209244
246,1.3181982040405273
247,-0.07106927782297134
248,0.3523716330528259
249,0.960848331451416
250,0.22139669954776764
251,0.43605494499206543
252,0.5780137777328491
253,0.1551765352487564
254,1.031212568283081
255,1.3360031843185425
256,0.6508614420890808
257,0.15328729152679443
258,0.13984574377536774
259,0.3127679228782654
260,0.4068690240383148
261,0.9972318410873413
262,0.06536935269832611
263,0.47421908378601074
264,-0.27169889211654663
265,0.4438118040561676
266,0.6609519720077515
267,0.7398704290390015
268,-0.011920280754566193
269,-0.2638213038444519
270,0.19856028258800507
271,0.8537824749946594
272,0.011825294233858585
273,1.395429253578186
274,0.11260402202606201
275,0.5288400650024414
276,0.46404290199279785
277,0.5164610147476196
278,0.35058465600013733
279,-0.42461639642715454
280,0.8656446933746338
281,-0.17713606357574463
282,1.2403326034545898
283,-0.5217078924179077
284,0.17316856980323792
285,1.0527942180633545
286,0.614748477935791
287,1.4293715953826904
288,0.8109850287437439
289,0.18789991736412048
290,0.7281531095504761
291,0.7116104364395142
292,0.1939775049686432
293,0.323042631149292
294,0.6306828856468201
295,0.236198291182518
296,1.2244573831558228
297,-0.07583385705947876
298,-0.10764095932245255
299,-0.0632895901799202
300,0.6492434740066528
301,0.5014282464981079
302,0.5527730584144592
303,0.26097097992897034
304,-0.16357263922691345
305,0.37429073452949524
306,-0.900058388710022
307,0.7435764074325562
308,1.4594730138778687
309,0.011818761005997658
310,0.09777281433343887
311,0.32597455382347107
312,0.6092948317527771
313,-0.11904211342334747
314,0.9352526664733887
315,-0.5972044467926025
316,0.5907886624336243
317,0.7214922308921814
318,0.5047975778579712
319,0.31746959686279297
320,0.28629523515701294
321,1.1838918924331665
322,0.755785346031189
323,0.821781575679779
324,0.8033563494682312
325,0.4428657293319702
326,-0.8832630515098572
327,0.5887387990951538
328,0.42309799790382385
329,0.7140352725982666
330,0.03474107012152672
331,1.335692286491394
332,0.04724619537591934
333,0.9130967259407043
334,0.6984594464302063
335,1.0139473676681519
336,0.29354336857795715
337,0.818468451499939
338,0.4301055073738098
339,-0.1670563519001007
340,0.24317681789398193
341,-0.22868913412094116
342,0.31906625628471375
343,0.252109169960022
344,0.2338428497314453
345,0.6243175864219666
346,0.06544261425733566
347,0.45427876710891724
348,0.41653189063072205
349,-0.5988464951515198
350,-0.04841453582048416
351,-0.2828764021396637
352,0.35078680515289307
353,0.020115889608860016
354,0.0729723572731018
355,-0.48182833194732666
356,0.8342640995979309
357,-0.16723674535751343
358,0.7628265619277954
359,0.3651588261127472
360,1.1079615354537964
361,-0.7308303713798523
362,1.120069980621338
363,-0.17307361960411072
364,0.761858344078064
365,0.07871879637241364
366,0.22462257742881775
367,-0.6099207997322083
368,0.2789381146430969
369,-0.34150180220603943
370,-0.2195109724998474
371,0.48157837986946106
372,1.0561931133270264
373,0.5153952836990356
374,0.5366872549057007
375,0.7374410033226013
376,-0.807772696018219
377,0.46449723839759827
378,0.02471412532031536
379,0.6591235399246216
380,-0.08429249376058578
381,0.2725384533405304
382,0.21959026157855988
383,0.13267135620117188
384,0.30300113558769226
385,0.18997424840927124
386,0.602008581161499
387,0.7016415596008301
388,-0.48044973611831665
389,-1.4756470918655396
390,-0.18486171960830688
391,0.02011425979435444
392,0.3616858422756195
393,-0.6094071865081787
394,0.4156603515148163
395,0.026906384155154228
396,0.30493491888046265
397,1.287309169769287
398,0.36646977066993713
399,1.1239852905273438
400,0.06632598489522934
401,0.7860870361328125
402,-0.35132652521133423
403,0.24355226755142212
404,0.42679184675216675
405,0.12106537818908691
406,0.4410266876220703
407,-0.09670714288949966
408,-0.17436552047729492
409,-0.010000585578382015
410,0.25876253843307495
411,0.1365218609571457
412,0.5855507254600525
413,0.15588994324207306
414,0.532480001449585
415,0.9488257169723511
416,0.09798908233642578
417,0.6158247590065002
418,0.27867236733436584
419,-0.12043233960866928
420,0.4457879066467285
421,0.7278681993484497
422,-0.12045247852802277
423,1.1137192249298096
424,0.5561550855636597
425,0.9208524227142334
426,-0.10408317297697067
427,0.7799746990203857
428,0.8062121868133545
429,-0.12682653963565826
430,-0.3770614266395569
431,0.3454660177230835
432,0.27630892395973206
433,0.21077685058116913
434,0.44634684920310974
435,0.8934412598609924
436,0.3340359330177307
437,0.08814720064401627
438,-0.743726909160614
439,-0.046660467982292175
440,0.7786411046981812
441,0.6020283102989197
442,-0.44965192675590515
443,0.16280820965766907
444,1.479170560836792
445,0.23203501105308533
446,0.4150577485561371
447,-0.33164045214653015
448,0.33972957730293274
449,1.2650741338729858
450,0.39592358469963074
451,0.06708585470914841
452,0.5829138159751892
453,0.14862634241580963
454,0.020313840359449387
455,0.7530989646911621
456,0.23339977860450745
457,-0.21129190921783447
458,0.16126714646816254
459,0.5966944098472595
460,0.4151974320411682
461,0.1750926971435547
462,0.8312667608261108
463,-0.15392839908599854
464,1.1882115602493286
465,-0.06111402437090874
466,-0.0944724828004837
467,1.039912462234497
468,0.15395362675189972
469,0.2486036866903305
470,0.12389329075813293
471,-0.3710974156856537
472,0.4367784261703491
473,0.7071171998977661
474,0.28629934787750244
475,0.49970704317092896
476,0.7376702427864075
477,0.5022769570350647
478,0.5769515037536621
479,-0.28231313824653625
480,0.29775479435920715
481,0.8196579217910767
482,0.507569432258606
483,0.2537385821342468
484,-0.005476453807204962
485,0.592296838760376
486,0.505337119102478
487,0.40271222591400146
488,0.10055525600910187
489,0.2667660117149353
490,0.11284143477678299
491,0.6132505536079407
492,0.30410411953926086
493,0.13955779373645782
494,0.6153140664100647
495,0.16072671115398407
496,0.5010871291160583
497,-0.16679464280605316
498,1.1598793268203735
499,0.40181443095207214
500,-0.2904476821422577
501,0.9506450891494751
502,0.006675336975604296
503,-0.009882219135761261
504,0.4651114344596863
505,0.03551921620965004
506,0.7190343141555786
507,0.5178314447402954
508,0.9998526573181152
509,0.8848519921302795
510,0.6648521423339844
511,0.5758443474769592
512,0.5140868425369263
513,0.4392218291759491
514,-0.08010619878768921
515,0.4165152609348297
516,0.8416050672531128
517,0.10877871513366699
518,-0.2332555651664734
519,-0.9410101175308228
520,0.4802989959716797
521,0.8735617995262146
522,0.957043468952179
523,0.594192385673523
524,0.08620238304138184
525,0.25747960805892944
526,0.5166911482810974
527,1.0253660678863525
528,0.9053950309753418
529,-0.1315002590417862
530,0.3853059709072113
531,0.49779626727104187
532,0.5776288509368896
533,-0.43424665927886963
534,0.058622051030397415
535,1.149289608001709
536,0.7234428524971008
537,0.48192930221557617
538,0.3069288432598114
539,0.8813679218292236
540,-0.7401277422904968
541,0.005855414550751448
542,-0.12519018352031708
543,-0.1398470103740692
544,0.8626510500907898
545,0.901329517364502
546,-0.5016860961914062
547,-0.340274840593338
548,0.4847601652145386
549,0.43428003787994385
550,0.24180403351783752
551,0.18158657848834991
552,-0.005497800186276436
553,-0.5544360280036926
554,0.6178393959999084
555,0.6378800868988037
556,0.4088042974472046
557,0.31716683506965637
558,0.8657652139663696
559,-0.20731806755065918
560,0.2739180624485016
561,0.5284900069236755
562,-0.2891746163368225
563,0.7054640054702759
564,-0.7516570091247559
565,0.36961737275123596
566,0.44248640537261963
567,-0.2967851459980011
568,0.027929622679948807
569,0.16756989061832428
570,0.1182984858751297
571,0.47158172726631165
572,0.338878333568573
573,0.372757226228714
574,1.3869677782058716
575,0.25002166628837585
576,0.9219468235969543
577,1.4897748231887817
578,0.4190922975540161
579,0.6302840709686279
580,0.8103780150413513
581,-0.08985307067632675
582,0.05977194756269455
583,-0.05917997285723686
584,0.5561699271202087
585,1.100475788116455
586,0.7091580629348755
587,0.3717505633831024
588,-0.13335667550563812
589,-0.3450230360031128
590,0.02183486334979534
591,0.27978619933128357
592,0.541587769985199
593,0.29038769006729126
594,1.2141815423965454
595,0.6550554037094116
596,1.3398886919021606
597,0.7813518047332764
598,0.5540914535522461
599,0.47657129168510437
600,0.48347264528274536
601,0.8935238718986511
602,-0.5938937664031982
603,0.5618539452552795
604,0.8555713295936584
605,1.0943119525909424
606,0.7959420084953308
607,0.4378502666950226
608,0.7688920497894287
609,0.7739340662956238
610,0.05740936100482941
611,0.7305700778961182
612,0.053866151720285416
613,0.6717791557312012
614,0.7076293230056763
615,0.295000821352005
616,0.16881215572357178
617,0.7762192487716675
618,-0.11173515021800995
619,0.2617236077785492
620,-0.8687861561775208
621,0.23215878009796143
622,0.5777158141136169
623,0.3955485224723816
624,-0.3289160132408142
625,1.0335489511489868
626,-0.3604537844657898
627,0.3214300870895386
628,0.7863385081291199
629,1.0611234903335571
630,0.44419386982917786
631,0.043833281844854355
632,0.6958667635917664
633,0.8026118278503418
634,0.03588136285543442
635,1.0595499277114868
636,1.2695807218551636
637,0.3912123441696167
638,0.23342342674732208
639,-0.11102303117513657
640,0.18652473390102386
641,-0.09333294630050659
642,0.5060118436813354
643,0.12339693307876587
644,0.18870823085308075
645,0.6860045194625854
646,-0.0076609207317233086
647,1.7247366905212402
648,-0.00475925300270319
649,-0.10423744469881058
650,0.7694479823112488
651,0.018170475959777832
652,0.537604570388794
653,-1.0237722396850586
654,-0.3485926687717438
655,0.8939451575279236
656,0.8474291563034058
657,0.9118458032608032
658,1.6072838306427002
659,0.28802424669265747
660,0.7082693576812744
661,0.046582382172346115
662,0.20181430876255035
663,0.7557393312454224
664,1.0318883657455444
665,-0.48124000430107117
666,0.08091461658477783
667,0.8295623660087585
668,0.0943981185555458
669,0.00487784668803215
670,0.5750452280044556
671,1.3084847927093506
672,-0.3614789843559265
673,0.195182204246521
674,0.6769780516624451
675,-0.39125582575798035
676,-0.2285233736038208
677,-0.7790355086326599
678,0.6219351887702942
679,0.31191349029541016
680,0.17919747531414032
681,0.6640831232070923
682,0.46285638213157654
683,0.5497758984565735
684,1.0853861570358276
685,0.6310755610466003
686,0.772787868976593
687,-0.10769110918045044
688,0.4104710519313812
689,0.561533510684967
690,0.6546170115470886
691,0.6101942658424377
692,-0.11518237739801407
693,0.7639526724815369
694,0.1446475237607956
695,-0.5257987380027771
696,0.3206106424331665
697,0.7963738441467285
698,0.4700356125831604
699,0.10351228713989258
700,0.7470476627349854
701,0.7423187494277954
702,0.13993866741657257
703,0.6712798476219177
704,0.5001940727233887
705,0.6012774705886841
706,0.1051723062992096
707,0.2274286299943924
708,0.09988409280776978
709,1.1024236679077148
710,1.079874873161316
711,-0.4323292672634125
712,0.6874280571937561
713,-0.10789190232753754
714,0.4545840919017792
715,-0.12188366800546646
716,-0.1496036946773529
717,1.2359167337417603
718,0.7763109803199768
719,-0.05578644201159477
720,0.167762890458107
721,0.471090167760849
722,0.36932897567749023
723,0.42061492800712585
724,1.4752339124679565
725,0.5671675801277161
726,0.9620090126991272
727,-0.17983314394950867
728,0.36042070388793945
729,-0.25743183493614197
730,-0.5441510677337646
731,0.18597669899463654
732,0.02952730283141136
733,1.321197509765625
734,-0.6001220941543579
735,0.6188063025474548
736,-0.0003101552138105035
737,0.5643390417098999
738,0.29014647006988525
739,-0.0193546824157238
740,-0.20496545732021332
741,0.5842468738555908
742,0.5092249512672424
743,-1.1812825202941895
744,0.4543076753616333
745,-0.563801646232605
746,0.23968355357646942
747,0.6452796459197998
748,0.8449861407279968
749,-0.5557774305343628
750,0.2924239933490753
751,-0.10638565570116043
752,0.43481478095054626
753,-1.0580002069473267
754,0.3394337594509125
755,1.0708763599395752
756,0.8828678727149963
757,0.6115652322769165
758,0.2929033041000366
759,0.33135730028152466
760,0.3844475746154785
761,-0.2881999909877777
762,-0.599536120891571
763,0.5549488663673401
764,-0.07373205572366714
765,0.5099148750305176
766,0.24573072791099548
767,-0.2229912430047989
768,1.2640759944915771
769,-0.03514852747321129
770,0.3420381546020508
771,0.6711363196372986
772,0.2576802968978882
773,-0.6102648377418518
774,0.9002191424369812
775,0.4006149172782898
776,0.83548504114151
777,0.374747097492218
778,1.1825121641159058
779,-0.6361355781555176
780,0.5033490061759949
781,0.14538820087909698
782,0.6117072105407715
783,0.7159032821655273
784,-0.3246419131755829
785,1.0854814052581787
786,0.3807792365550995
787,0.10204004496335983
788,-0.052322857081890106
789,0.12687960267066956
790,0.5259287357330322
791,0.05406847223639488
792,0.1150936484336853
793,-0.49013227224349976
794,-0.37153369188308716
795,0.3511457145214081
796,0.6244444847106934
797,0.31343314051628113
798,-0.01825999654829502
799,0.8441341519355774
800,0.17591385543346405
801,0.4668242931365967
802,0.14893196523189545
803,-0.28362324833869934
804,0.8128166794776917
805,0.5842934250831604
806,0.1001625582575798
807,-0.17324770987033844
808,0.4639650881290436
809,0.6895720958709717
810,0.8120710849761963
811,-0.02755897492170334
812,0.0728100836277008
813,-0.49124518036842346
814,-0.1571928858757019
815,-0.18506364524364471
816,0.22093771398067474
817,0.4570327401161194
818,0.2963639795780182
819,0.6133718490600586
820,-0.6716951131820679
821,0.7546690702438354
822,0.5273553729057312
823,0.9360367059707642
824,-0.2882682681083679
825,0.468902587890625
826,0.9636929035186768
827,-0.6178386807441711
828,-0.06362371891736984
829,0.33146122097969055
830,0.5929755568504333
831,-0.7857301831245422
832,0.003202109830453992
833,-0.10576444119215012
834,0.08056311309337616
835,0.9379716515541077
836,0.48214495182037354
837,-0.2543047070503235
838,0.05576486885547638
839,0.10618022084236145
840,0.5616682171821594
841,0.035249996930360794
842,0.8159990310668945
843,-0.048240166157484055
844,0.916948676109314
845,0.10584240406751633
846,0.8493378162384033
847,0.24713216722011566
848,0.22066769003868103
849,1.0467119216918945
850,1.5050464868545532
851,0.22740383446216583
852,-0.10765957832336426
853,0.2986704409122467
854,0.7677580118179321
855,0.32164257764816284
856,-0.4198572039604187
857,0.5662351846694946
858,-0.4813540279865265
859,0.41569867730140686
860,0.16481710970401764
861,-0.2804799973964691
862,0.5001441836357117
863,0.31819871068000793
864,0.4601418972015381
865,0.5077968835830688
866,1.1161079406738281
867,-0.24600838124752045
868,0.42394769191741943
869,0.012170745059847832
870,1.0418425798416138
871,-0.11735343933105469
872,0.17045895755290985
873,0.4747287333011627
874,-0.09960363805294037
875,0.5998525619506836
876,-0.16413429379463196
877,-0.6227197647094727
878,-0.18948151171207428
879,0.8142812252044678
880,0.25613945722579956
881,0.2957136034965515
882,0.6081191897392273
883,-0.004947560839354992
884,0.2589994966983795
885,1.085140585899353
886,-0.56485915184021
887,0.8100985288619995
888,0.1707558035850525
889,0.501627504825592
890,0.6015488505363464
891,0.267581045627594
892,0.48891738057136536
893,0.7307076454162598
894,1.1596578359603882
895,-0.009822942316532135
896,0.6944331526756287
897,1.037665605545044
898,0.10829983651638031
899,-0.07033876329660416
900,0.5855450630187988
901,-0.0307743139564991
902,0.2695348858833313
903,0.1325480341911316
904,-0.13804535567760468
905,0.5731272101402283
906,-0.21513788402080536
907,0.36699673533439636
908,1.075358510017395
909,0.6939117908477783
910,-0.09885315597057343
911,0.32403430342674255
912,0.6947039365768433
913,-0.2685197591781616
914,0.28061020374298096
915,-0.0064997891895473
916,1.0872552394866943
917,0.0612797811627388
918,0.25090643763542175
919,0.7857946753501892
920,0.009277134202420712
921,0.15913577377796173
922,1.1241916418075562
923,-0.5341625809669495
924,-0.22886726260185242
925,0.5950645208358765
926,0.3428439199924469
927,-0.4212931990623474
928,0.01818764954805374
929,0.5860163569450378
930,0.771400511264801
931,0.7926128506660461
932,-0.1422538459300995
933,0.06626316159963608
934,0.5007985234260559
935,-0.6570942401885986
936,0.645366370677948
937,-0.23286046087741852
938,-0.5734378099441528
939,0.4257696866989136
940,0.24399572610855103
941,0.8911640048027039
942,0.1902189552783966
943,0.6817101240158081
944,0.34508204460144043
945,0.5590512752532959
946,1.0786057710647583
947,0.8643718957901001
948,-1.233411192893982
949,0.9168339967727661
950,0.554540753364563
951,-0.01503155380487442
952,-0.343492716550827
953,0.673046350479126
954,0.248175248503685
955,0.10239111632108688
956,0.4793373942375183
957,0.5082235336303711
958,-0.5326281785964966
959,0.783737063407898
960,0.6832031607627869
961,0.8026934266090393
962,0.8605813384056091
963,0.6798533797264099
964,-0.657471239566803
965,-0.02345239371061325
966,0.23646456003189087
967,0.5334229469299316
968,0.7918382883071899
969,0.24652832746505737
970,0.04960280656814575
971,0.47448137402534485
972,-0.6017616391181946
973,0.42954567074775696
974,0.8396903276443481
975,0.7382730841636658
976,0.6205050945281982
977,0.22625914216041565
978,-0.1599077731370926
979,0.7157629132270813
980,0.4687623083591461
981,-0.367231160402298
982,0.9020423889160156
983,0.2054147869348526
984,-0.48615172505378723
985,0.028297750279307365
986,0.11302803456783295
987,0.48081478476524353
988,0.5179688930511475
989,0.16116389632225037
990,0.7686101794242859
991,0.5273894667625427
992,0.07475243508815765
993,-0.6192720532417297
994,0.37603142857551575
995,0.11272669583559036
996,0.4579014182090759
997,-1.1292266845703125
998,0.4574098289012909
999,1.5433694124221802
1000,1.2089539766311646
1001,0.4180584251880646
1002,-0.546263575553894
1003,0.24409328401088715
1004,0.28741949796676636
1005,0.6087850332260132
1006,-0.4920193552970886
1007,0.33150777220726013
1008,0.5026666522026062
1009,-0.2639053165912628
1010,0.4646887183189392
1011,0.47504308819770813
1012,-0.3555254340171814
1013,0.5300521850585938
1014,0.10200371593236923
1015,-0.5112801194190979
1016,0.5740616917610168
1017,0.741801381111145
1018,0.36128515005111694
1019,-0.20043933391571045
1020,-0.3047962784767151
1021,0.5459667444229126
1022,-0.41187363862991333
1023,0.14406892657279968
1024,0.28475552797317505
1025,-0.7236093878746033
1026,-0.5240089297294617
1027,0.5534194707870483
1028,0.9494938254356384
1029,0.46778976917266846
1030,-0.6289572715759277
1031,0.24379809200763702
1032,0.7093459963798523
1033,0.4419843852519989
1034,0.6290033459663391
1035,0.5701863765716553
1036,1.017296314239502
1037,0.34081268310546875
1038,0.973461925983429
1039,0.09604132920503616
1040,-0.1623276174068451
1041,0.40962958335876465
1042,0.7365942001342773
1043,0.6051440834999084
1044,0.39999982714653015
1045,0.3639782667160034
1046,0.4540417790412903
1047,1.1490073204040527
1048,0.39459964632987976
1049,0.8832098841667175
1050,-0.045472342520952225
1051,-0.5013653039932251
1052,0.5847764611244202
1053,-0.10459060966968536
1054,0.7848626971244812
1055,-0.5449710488319397
1056,0.08102675527334213
1057,0.8057228922843933
1058,0.8673296570777893
1059,1.0241320133209229
1060,-0.3929782807826996
1061,0.11395237594842911
1062,-0.990803599357605
1063,1.121432900428772
1064,0.10383440554141998
1065,0.5831658840179443
1066,0.21753059327602386
1067,0.3991841673851013
1068,0.4698149859905243
1069,0.8012089729309082
1070,0.30220866203308105
1071,-0.06179773062467575
1072,0.6395044922828674
1073,-0.06932878494262695
1074,0.5274244546890259
1075,0.6878211498260498
1076,0.29000893235206604
1077,-0.3131699860095978
1078,0.13183987140655518
1079,0.36066776514053345
1080,-0.19552534818649292
1081,0.39212551712989807
1082,-0.4697116017341614
1083,0.6801037192344666
1084,0.9437038898468018
1085,0.6607780456542969
1086,0.45097678899765015
1087,1.059425950050354
1088,0.864142894744873
1089,0.761981189250946
1090,0.32428836822509766
1091,0.44782111048698425
1092,0.6629731059074402
1093,0.03553030639886856
1094,0.06186666339635849
1095,0.34936970472335815
1096,-0.4359961748123169
1097,-0.02694779261946678
1098,0.28726956248283386
1099,0.09513354301452637
1100,0.9857152104377747
1101,0.05196519196033478
1102,-0.18176968395709991
1103,0.6449737548828125
1104,-0.15284599363803864
1105,0.48204150795936584
1106,-0.20096945762634277
1107,0.2513560950756073
1108,0.6884181499481201
1109,0.8691862225532532
1110,-0.12680673599243164
1111,-0.19531728327274323
1112,-0.005441076122224331
1113,0.45233550667762756
1114,1.053916573524475
1115,0.22892025113105774
1116,0.7457310557365417
1117,0.5704864263534546
1118,0.7963108420372009
1119,1.0046136379241943
1120,1.2366997003555298
1121,0.5561919808387756
1122,0.44765520095825195
1123,0.2925182282924652
1124,-0.6883024573326111
1125,0.024539468809962273
1126,0.3402469754219055
1127,0.10273073613643646
1128,0.17607779800891876
1129,0.618996798992157
1130,0.1720137894153595
1131,-1.0891013145446777
1132,0.6192705631256104
1133,0.36095109581947327
1134,0.07176203280687332
1135,0.23427630960941315
1136,0.014658503234386444
1137,-0.46052300930023193
1138,0.32641148567199707
1139,0.9725079536437988
1140,0.4806685447692871
1141,0.1034051924943924
1142,0.6816898584365845
1143,0.013354114256799221
1144,0.9596486687660217
1145,0.3922223746776581
1146,-0.05015820637345314
1147,-0.11397377401590347
1148,0.3495312035083771
1149,0.9757055044174194
1150,0.701495349407196
1151,0.6827685832977295
1152,-0.3619016706943512
1153,0.07136127352714539
1154,-0.0560099259018898
1155,0.5458393692970276
1156,-0.22741004824638367
1157,0.14852456748485565
1158,0.8095534443855286
1159,-0.0205884650349617
1160,0.35655203461647034
1161,0.24756483733654022
1162,0.22317354381084442
1163,-0.021274076774716377
1164,0.007965506054461002
1165,-0.06499448418617249
1166,0.2934079170227051
1167,0.5392109751701355
1168,0.1760692596435547
1169,-1.1163551807403564
1170,0.44346484541893005
1171,0.39103007316589355
1172,0.43723973631858826
1173,1.0682011842727661
1174,0.40292108058929443
1175,0.9911621809005737
1176,0.5886358618736267
1177,0.34013238549232483
1178,0.8493340015411377
1179,-0.4361257553100586
1180,-0.13217444717884064
1181,0.6838059425354004
1182,0.39688050746917725
1183,1.2430970668792725
1184,1.0390582084655762
1185,-0.077415831387043
1186,0.11176291853189468
1187,0.9861558675765991
1188,0.8026818037033081
1189,-0.8117561936378479
1190,-0.6611579060554504
1191,-0.43091168999671936
1192,0.40493491291999817
1193,1.1759862899780273
1194,0.24261169135570526
1195,0.6320231556892395
1196,0.4907044768333435
1197,-0.098343625664711
1198,0.022425923496484756
1199,0.9150623083114624
1200,0.30161210894584656
1201,0.5915970206260681
1202,-0.17626658082008362
1203,0.4187515079975128
1204,0.6530627608299255
1205,1.2848972082138062
1206,0.5954488515853882
1207,0.1596660166978836
1208,0.534403920173645
1209,0.05302971601486206
1210,1.123604416847229
1211,-0.05852917954325676
1212,0.1686599999666214
1213,0.43757548928260803
1214,0.6574499607086182
1215,0.8622214198112488
1216,-0.062161024659872055
1217,0.7251355648040771
1218,-0.04721522703766823
1219,0.4196264445781708
1220,0.1743716299533844
1221,0.6871742010116577
1222,0.8788468837738037
1223,-0.4013696014881134
1224,0.2799907624721527
1225,0.26140278577804565
1226,0.2759903371334076
1227,0.2000589370727539
1228,0.7696000337600708
1229,0.8441774249076843
1230,0.5611482262611389
1231,0.14237789809703827
1232,-0.3250052034854889
1233,0.8028708696365356
1234,1.148303508758545
1235,0.7349453568458557
1236,0.27897533774375916
1237,0.16335429251194
1238,1.3636914491653442
1239,0.5101816654205322
1240,0.531334400177002
1241,-0.8501489758491516
1242,-0.10181305557489395
1243,-0.05763496831059456
1244,-0.044675312936306
1245,0.4995482563972473
1246,0.3346787393093109
1247,0.13684499263763428
1248,0.12831690907478333
1249,0.7721568942070007
1250,0.4445923864841461
1251,0.4857126772403717
1252,-0.6543318629264832
1253,0.4272420108318329
1254,0.41609451174736023
1255,-0.9500956535339355
1256,-0.8834003806114197
1257,0.7541007399559021
1258,0.5760270953178406
1259,0.9261035323143005
1260,0.07251037657260895
1261,0.6517115831375122
1262,-0.013157677836716175
1263,0.16364561021327972
1264,0.1848008781671524
1265,0.6976861953735352
1266,0.4454272985458374
1267,0.7531145215034485
1268,0.21247582137584686
1269,0.9119174480438232
1270,0.23562780022621155
1271,0.307692289352417
1272,0.5223774313926697
1273,-0.17378397285938263
1274,0.8086413741111755
1275,0.6800357103347778
1276,1.091596007347107
1277,0.41821300983428955
1278,0.44527339935302734
1279,0.7005212903022766
1280,-0.022310424596071243
1281,0.10213697701692581
1282,0.35956108570098877
1283,0.2900232970714569
1284,-0.08605585992336273
1285,0.6148191094398499
1286,0.4024132490158081
1287,0.32530486583709717
1288,0.7045336365699768
1289,0.3124173879623413
1290,0.5595584511756897
1291,0.02187453582882881
1292,0.3017522394657135
1293,0.28141412138938904
1294,-0.5311132669448853
1295,0.4962971806526184
1296,0.47343963384628296
1297,0.5244436264038086
1298,0.5051612854003906
1299,0.43461403250694275
1300,-0.14704561233520508
1301,0.12021272629499435
1302,0.3602471649646759
1303,0.7058176398277283
1304,0.07612459361553192
1305,0.3141172528266907
1306,0.8288308382034302
1307,0.43320930004119873
1308,0.20689071714878082
1309,0.7904197573661804
1310,0.640399694442749
1311,0.03956753388047218
1312,0.19388256967067719
1313,0.9244025349617004
1314,1.2485754489898682
1315,0.2510024607181549
1316,0.12185730040073395
1317,-0.12985290586948395
1318,0.0596836656332016
1319,0.7877200841903687
1320,0.6330836415290833
1321,0.25094398856163025
1322,0.13401243090629578
1323,0.2848927676677704
1324,0.1085236594080925
1325,0.7875831127166748
1326,0.3853071331977844
1327,0.4320942461490631
1328,0.07947305589914322
1329,0.15475192666053772
1330,0.8645225167274475
1331,0.38807275891304016
1332,0.6616294980049133
1333,1.0535783767700195
1334,0.41786858439445496
1335,-0.359986811876297
1336,-0.029915453866124153
1337,1.0294468402862549
1338,0.9392781257629395
1339,0.5364603400230408
1340,0.6350606679916382
1341,0.1443338692188263
1342,-0.38348624110221863
1343,0.3563346266746521
1344,0.4806045889854431
1345,0.09488450735807419
1346,0.553467869758606
1347,0.5754885673522949
1348,-0.6949100494384766
1349,0.2833845019340515
1350,-0.24469441175460815
1351,-0.18605542182922363
1352,1.0186793804168701
1353,0.3544501066207886
1354,0.24052201211452484
1355,0.9876372814178467
1356,-0.1445464789867401
1357,0.7542147040367126
1358,0.9793601036071777
1359,0.40156686305999756
1360,0.6369984745979309
1361,0.4333042502403259
1362,0.014060698449611664
1363,0.6679270267486572
1364,0.12655477225780487
1365,0.8152714371681213
1366,0.22385001182556152
1367,-0.07294847816228867
1368,0.9030305743217468
1369,0.6371371150016785
1370,0.4596836268901825
1371,-0.4192259907722473
1372,0.4305413067340851
1373,-0.12682630121707916
1374,0.3940299451351166
1375,-0.05047198385000229
1376,0.6589177250862122
1377,-0.04413221776485443
1378,-0.23892877995967865
1379,-0.025081198662519455
1380,0.6544555425643921
1381,0.8344802856445312
1382,0.3419349789619446
1383,-0.7271175980567932
1384,-0.13337384164333344
1385,0.28693175315856934
1386,0.1555316299200058
1387,-0.44067466259002686
1388,0.5496759414672852
1389,0.6607987284660339
1390,0.8157685995101929
1391,-1.5853184461593628
1392,0.42582064867019653
1393,0.000595138524658978
1394,0.7046604752540588
1395,0.7090064883232117
1396,0.17768298089504242
1397,-0.27574998140335083
1398,0.6756199598312378
1399,0.6607231497764587
1400,0.4135776162147522
1401,0.7301092743873596
1402,0.5458246469497681
1403,0.6377090811729431
1404,1.3598142862319946
1405,0.07401228696107864
1406,-0.056194160133600235
1407,-0.01597701571881771
1408,0.7762064337730408
1409,0.829684853553772
1410,-0.45356324315071106
1411,0.12983086705207825
1412,0.4132148325443268
1413,0.860438883304596
1414,0.15776854753494263
1415,0.8997603058815002
1416,0.5419373512268066
1417,-0.027940141037106514
1418,0.033986568450927734
1419,0.6309312582015991
1420,0.2638920843601227
1421,0.4676268696784973
1422,1.354275107383728
1423,0.3691869080066681
1424,0.5786833763122559
1425,0.10508410632610321
1426,0.2654845714569092
1427,0.5260480046272278
1428,0.2962876856327057
1429,0.3996942937374115
1430,0.7246246933937073
1431,0.8004433512687683
1432,0.21173642575740814
1433,1.0420104265213013
1434,0.13692975044250488
1435,-0.10803910344839096
1436,0.2994348704814911
1437,0.7455242872238159
1438,-0.43019717931747437
1439,0.5041497349739075
1440,0.6802827715873718
1441,0.2702633738517761
1442,-0.3190866708755493
1443,0.5663552284240723
1444,0.22932453453540802
1445,0.4680713415145874
1446,0.8275701999664307
1447,0.22215181589126587
1448,1.0669224262237549
1449,0.5928446054458618
1450,0.4982811510562897
1451,-0.02863239124417305
1452,0.6683320999145508
1453,0.4485549330711365
1454,0.3255445063114166
1455,-0.04688163474202156
1456,1.5109747648239136
1457,0.5445388555526733
1458,-0.20654883980751038
1459,0.5915427803993225
1460,-0.0874900221824646
1461,-0.1718333214521408
1462,0.8530156016349792
1463,-0.5478515028953552
1464,0.30687499046325684
1465,0.3816725015640259
1466,-0.19915027916431427
1467,-0.5039926767349243
1468,0.41898342967033386
1469,0.39486420154571533
1470,0.5444730520248413
1471,0.43915361166000366
1472,-0.0036077741533517838
1473,0.16055233776569366
1474,-0.8731589317321777
1475,0.9164778590202332
1476,0.2813671827316284
1477,0.07856117188930511
1478,0.5911722779273987
1479,-0.06957601755857468
1480,0.28574180603027344
1481,-0.1591818779706955
1482,0.21740037202835083
1483,0.5315742492675781
1484,-0.4844018518924713
1485,-0.07266556471586227
1486,-0.13631173968315125
1487,0.5337028503417969
1488,0.6177217364311218
1489,0.2862946689128876
1490,0.13924181461334229
1491,0.2891291677951813
1492,0.13005311787128448
1493,1.664189338684082
1494,-0.06565311551094055
1495,0.16974131762981415
1496,0.944607675075531
1497,0.5750390291213989
1498,0.24022138118743896
1499,-0.06652949750423431
1500,0.3208104968070984
1501,-0.24104058742523193
1502,0.9773402214050293
1503,0.31849440932273865
1504,0.7886742949485779
1505,0.7247442007064819
1506,0.62461256980896
1507,0.44286295771598816
1508,0.07136335968971252
1509,0.10745934396982193
1510,-0.2384142130613327
1511,0.6219515800476074
1512,0.09400302916765213
1513,-0.20238462090492249
1514,0.09137069433927536
1515,0.4835665225982666
1516,0.3607373833656311
1517,0.853834867477417
1518,-0.37792789936065674
1519,0.40961337089538574
1520,0.1889806091785431
1521,0.4877086877822876
1522,0.5444468259811401
1523,-0.5200029611587524
1524,0.4024585783481598
1525,0.11719930917024612
1526,0.3265739381313324
1527,0.8488101363182068
1528,0.8089609742164612
1529,1.1118963956832886
1530,0.8712204694747925
1531,0.9851742386817932
1532,0.9949870109558105
1533,0.3919978737831116
1534,-0.19690974056720734
1535,-0.05850636586546898
1536,0.40890178084373474
1537,-0.16705825924873352
1538,0.32475951313972473
1539,-0.7667620182037354
1540,0.7522656917572021
1541,-0.3967524766921997
1542,0.7447850704193115
1543,-0.43285468220710754
1544,1.1886616945266724
1545,0.36264437437057495
1546,0.5393345952033997
1547,0.43226245045661926
1548,0.41133570671081543
1549,0.9048879742622375
1550,0.5470925569534302
1551,0.8236752152442932
1552,0.6527318358421326
1553,0.49362242221832275
1554,0.05498690903186798
1555,0.2678646147251129
1556,0.09596887230873108
1557,0.3403766453266144
1558,1.2872772216796875
1559,-0.0936829075217247
1560,0.7526987195014954
1561,0.8533754348754883
1562,0.5662516355514526
1563,-0.12248426675796509
1564,-0.10607163608074188
1565,0.5241990089416504
1566,-0.24155132472515106
1567,0.49301469326019287
1568,0.9034085273742676
1569,0.12936323881149292
1570,0.7216021418571472
1571,0.2011575698852539
1572,0.715920627117157
1573,0.1378462016582489
1574,0.8700026869773865
1575,0.4719431400299072
1576,0.05815175920724869
1577,0.0008893174235709012
1578,0.5036191940307617
1579,0.6541580557823181
1580,0.21379896998405457
1581,0.500025749206543
1582,-0.8374459147453308
1583,0.36831411719322205
1584,0.15848161280155182
1585,-0.022435946390032768
1586,-0.12339482456445694
1587,0.15381337702274323
1588,0.41034480929374695
1589,0.1079670712351799
1590,-0.08602797985076904
1591,0.04520759359002113
1592,0.5951146483421326
1593,0.03307398781180382
1594,0.5324314832687378
1595,0.39660191535949707
1596,0.40415138006210327
1597,0.44925329089164734
1598,-0.385709673166275
1599,0.26155397295951843
1600,-0.1397247165441513
1601,0.5460275411605835
1602,0.922895073890686
1603,-0.7910964488983154
1604,-0.02113216370344162
1605,0.32640916109085083
1606,0.19853724539279938
1607,0.6425529718399048
1608,0.661949634552002
1609,0.37414446473121643
1610,0.24129800498485565
1611,0.9002611041069031
1612,0.6531578898429871
1613,-0.21137753129005432
1614,0.3525163531303406
1615,0.6467263698577881
1616,0.42269015312194824
1617,0.4290042519569397
1618,0.3215923011302948
1619,0.8178930878639221
1620,0.6661719083786011
1621,-0.6052064895629883
1622,-0.4313426613807678
1623,0.2718329429626465
1624,0.4233916997909546
1625,0.13132646679878235
1626,1.169437050819397
1627,0.7226076126098633
1628,0.6450532078742981
1629,0.7497369647026062
1630,0.48777177929878235
1631,1.0491032600402832
1632,-0.5137115120887756
1633,0.41042470932006836
1634,0.0859411209821701
1635,0.6111085414886475
1636,-0.6735981702804565
1637,0.27345579862594604
1638,0.14948110282421112
1639,0.6499307751655579
1640,0.5315279364585876
1641,-0.6824929714202881
1642,0.19986467063426971
1643,0.412855327129364
1644,0.43834224343299866
1645,0.6015493869781494
1646,-0.236761212348938
1647,0.809154748916626
1648,0.9003506302833557
1649,0.11946609616279602
1650,-0.13392303884029388
1651,1.3753249645233154
1652,0.3445017635822296
1653,0.2079176902770996
1654,0.2985559403896332
1655,0.7655283808708191
1656,-0.007534210104495287
1657,0.19475851953029633
1658,0.1724470555782318
1659,0.6658792495727539
1660,0.6906117796897888
1661,0.3746126890182495
1662,-0.05925292521715164
1663,-0.5221195220947266
1664,0.2874222695827484
1665,0.2411092072725296
1666,-0.1992751508951187
1667,0.9594448804855347
1668,0.7899979948997498
1669,0.30710646510124207
1670,0.2999449074268341
1671,0.5061585903167725
1672,0.8439083695411682
1673,0.705289900302887
1674,0.6652833223342896
1675,0.18528029322624207
1676,0.30147209763526917
1677,0.9296450018882751
1678,0.09869631379842758
1679,0.4198607802391052
1680,0.12294908612966537
1681,0.3292449414730072
1682,-0.3538154661655426
1683,0.3556753695011139
1684,-0.06208554282784462
1685,0.3330917954444885
1686,0.7309353351593018
1687,1.021947979927063
1688,0.5605871677398682
1689,0.8406957387924194
1690,0.739738941192627
1691,0.15913642942905426
1692,0.523332953453064
1693,0.15782959759235382
1694,0.6283286213874817
1695,0.46876364946365356
1696,-0.18033158779144287
1697,0.6037209630012512
1698,0.11092478036880493
1699,0.20063987374305725
1700,0.278548926115036
1701,-0.2292838990688324
1702,0.3870644271373749
1703,0.6889716386795044
1704,0.3492671251296997
1705,-0.5458822250366211
1706,0.2636241912841797
1707,0.2548261284828186
1708,0.9750591516494751
1709,-0.4278316795825958
1710,1.155460238456726
1711,0.24510470032691956
1712,1.0063397884368896
1713,0.6827573776245117
1714,1.1643770933151245
1715,0.45307913422584534
1716,0.18760904669761658
1717,0.1322140246629715
1718,0.7272767424583435
1719,0.36458390951156616
1720,0.8086954951286316
1721,-0.8831227421760559
1722,0.5058519244194031
1723,0.4641471207141876
1724,0.2160283923149109
1725,0.31926238536834717
1726,-1.0192888975143433
1727,-0.1245928630232811
1728,-0.5775575041770935
1729,0.08759485185146332
1730,0.4333447217941284
1731,0.37181442975997925
1732,0.08823341876268387
1733,-1.0336631536483765
1734,-0.06704641878604889
1735,0.4129490852355957
1736,0.5171409845352173
1737,0.38992470502853394
1738,0.28482306003570557
1739,0.3885992765426636
1740,0.3271254897117615
1741,0.2418215274810791
1742,-0.06974051892757416
1743,0.7465911507606506
1744,0.5837873220443726
1745,-0.15207183361053467
1746,0.5111220479011536
1747,0.525794506072998
1748,0.4509165287017822
1749,1.4528685808181763
1750,0.08453630656003952
1751,-0.11278270930051804
1752,0.21905644237995148
1753,-0.09772996604442596
1754,0.20378175377845764
1755,0.6206169128417969
1756,0.7627670764923096
1757,0.2152116447687149
1758,0.17874079942703247
1759,0.30725494027137756
1760,0.5543871521949768
1761,-0.3103373646736145
1762,0.11597105860710144
1763,1.2621766328811646
1764,-0.4374872148036957
1765,0.9349904656410217
1766,0.35422471165657043
1767,-1.193482518196106
1768,-0.02745886519551277
1769,0.23544451594352722
1770,0.6108444333076477
1771,1.202180027961731
1772,0.5217223763465881
1773,0.5315070152282715
1774,0.6836982369422913
1775,0.08447404950857162
1776,0.07233080267906189
1777,0.04408103600144386
1778,0.7681427597999573
1779,0.15956144034862518
1780,0.575529158115387
1781,-0.010939191095530987
1782,0.48298144340515137
1783,0.6423863172531128
1784,0.23503519594669342
1785,0.1469375491142273
1786,0.5689110159873962
1787,-0.4332379400730133
1788,-0.3763088285923004
1789,0.7713360786437988
1790,-0.44579386711120605
1791,0.1297762244939804
1792,-0.276449978351593
1793,-0.2844451665878296
1794,0.3338666558265686
1795,-0.37814489006996155
1796,0.16632625460624695
1797,0.13821303844451904
1798,-0.1447538286447525
1799,-0.22015662491321564
1800,0.938886821269989
1801,1.0819131135940552
1802,0.778628945350647
1803,0.33412349224090576
1804,-0.6864879131317139
1805,-1.4804431200027466
1806,-0.2275679111480713
1807,0.24622946977615356
1808,0.685589611530304
1809,0.27847692370414734
1810,1.0058839321136475
1811,-0.20943386852741241
1812,1.0009702444076538
1813,0.1697939932346344
1814,0.9339763522148132
1815,0.40739110112190247
1816,-0.11557471007108688
1817,-0.10327942669391632
1818,0.1762269139289856
1819,0.5654693245887756
1820,0.20272652804851532
1821,0.8046539425849915
1822,0.3222605288028717
1823,0.3519778549671173
1824,0.19180665910243988
1825,-0.16047251224517822
1826,-0.15009045600891113
1827,0.9417454600334167
1828,0.204474538564682
1829,0.07358817011117935
1830,0.12039627134799957
1831,-0.7993056774139404
1832,0.832298219203949
1833,0.3844544291496277
1834,0.5518735647201538
1835,-0.07260758429765701
1836,-0.07639862596988678
1837,0.24638719856739044
1838,0.37647825479507446
1839,0.3180088400840759
1840,0.5591523051261902
1841,1.3282066583633423
1842,0.09966275840997696
1843,0.1231648325920105
1844,0.24192796647548676
1845,1.007352352142334
1846,-0.12423745542764664
1847,0.9281582236289978
1848,0.6113918423652649
1849,0.8572813272476196
1850,0.06934908777475357
1851,0.02783149667084217
1852,0.6890331506729126
1853,0.16307243704795837
1854,0.14650148153305054
1855,-0.10001052170991898
1856,0.43479830026626587
1857,-0.02747826650738716
1858,-0.07908866554498672
1859,0.921086311340332
1860,0.7637779712677002
1861,0.6929011344909668
1862,0.2187476009130478
1863,0.18162961304187775
1864,-0.6178894639015198
1865,0.5461475849151611
1866,0.9993808269500732
1867,1.1377049684524536
1868,0.40240323543548584
1869,0.36254313588142395
1870,-0.14815989136695862
1871,0.1703360676765442
1872,0.7405557036399841
1873,0.12241417914628983
1874,0.7374417185783386
1875,0.054365839809179306
1876,0.1089828610420227
1877,0.4052002429962158
1878,-0.10404720902442932
1879,-0.150288924574852
1880,-0.18218958377838135
1881,0.7413673996925354
1882,0.769548237323761
1883,0.7047999501228333
1884,0.6193839907646179
1885,0.7556604743003845
1886,-0.05863426253199577
1887,0.20863109827041626
1888,0.5132240056991577
1889,-0.031061148270964622
1890,-0.24105270206928253
1891,-0.4374576210975647
1892,-0.22985631227493286
1893,-0.18556708097457886
1894,-0.35139936208724976
1895,0.07293647527694702
1896,0.06597679108381271
1897,0.3158167004585266
1898,0.5860959887504578
1899,1.4245768785476685
1900,0.24701638519763947
1901,0.8814358115196228
1902,-0.046374112367630005
1903,0.5580728650093079
1904,-0.0250062495470047
1905,0.2591340243816376
1906,0.9502737522125244
1907,0.5408206582069397
1908,0.44131046533584595
1909,0.0657711774110794
1910,0.36548376083374023
1911,0.19832076132297516
1912,0.8280878663063049
1913,-0.08148310333490372
1914,0.1999797374010086
1915,0.5360163450241089
1916,0.043890561908483505
1917,0.07852111011743546
1918,0.1789739727973938
1919,-0.4815950393676758
1920,-0.022376207634806633
1921,0.6226757764816284
1922,0.07409297674894333
1923,0.6504263877868652
1924,0.821147620677948
1925,1.0811959505081177
1926,-0.6471683979034424
1927,0.4301184117794037
1928,-0.2318275421857834
1929,0.37308380007743835
1930,-0.3051145374774933
1931,0.45895490050315857
1932,0.15288463234901428
1933,0.28943660855293274
1934,0.07244317978620529
1935,0.6520203351974487
1936,0.47268402576446533
1937,-0.12367570400238037
1938,0.7088868021965027
1939,0.16424879431724548
1940,1.0226203203201294
1941,0.965576171875
1942,1.7955673933029175
1943,0.7190618515014648
1944,0.3723118305206299
1945,0.9703180193901062
1946,0.6245142817497253
1947,0.5492871403694153
1948,0.21226432919502258
1949,-0.2897091209888458
1950,0.9669984579086304
1951,0.0031189045403152704
1952,0.6040238738059998
1953,0.5772992372512817
1954,0.2881646752357483
1955,0.40961700677871704
1956,0.33272016048431396
1957,0.041080541908741
1958,0.049083441495895386
1959,0.7680832147598267
1960,0.5000008344650269
1961,-0.15817898511886597
1962,0.7503181099891663
1963,0.036485668271780014
1964,0.027989517897367477
1965,0.23978225886821747
1966,0.8531995415687561
1967,0.6112479567527771
1968,-0.4037436246871948
1969,0.3854357600212097
1970,0.639413058757782
1971,-0.08859086781740189
1972,0.24554963409900665
1973,0.5770907998085022
1974,-0.05123916640877724
1975,0.17410945892333984
1976,0.4947547912597656
1977,0.4780106246471405
1978,1.2009245157241821
1979,0.46762317419052124
1980,0.9746357202529907
1981,0.6934297680854797
1982,-0.1386432945728302
1983,0.09614018350839615
1984,-0.05269842594861984
1985,0.6348017454147339
1986,0.38301149010658264
1987,-0.30817368626594543
1988,0.5162553191184998
1989,0.2862357497215271
1990,0.8614042401313782
1991,0.3673018217086792
1992,0.6006208658218384
1993,0.28747621178627014
1994,1.0563064813613892
1995,0.45437392592430115
1996,0.6293642520904541
1997,0.7523717880249023
1998,0.19744321703910828
1999,-0.6046888828277588
2000,1.0894389152526855
2001,-0.29519006609916687
2002,0.29527026414871216
2003,-1.0179377794265747
2004,0.29793402552604675
2005,0.6955286264419556
2006,0.6152056455612183
2007,0.3684985339641571
2008,0.1773579865694046
2009,0.9217313528060913
2010,-0.3005026876926422
2011,0.035537078976631165
2012,0.5865522027015686
2013,0.018810661509633064
2014,-0.5643062591552734
2015,0.08007766306400299
2016,-0.28085675835609436
2017,0.10985813289880753
2018,-0.07727305591106415
2019,0.9538902044296265
2020,-0.5211460590362549
2021,0.2762713134288788
2022,0.8086276054382324
2023,0.4272322654724121
2024,0.7228546738624573
2025,0.9637797474861145
2026,0.7762975096702576
2027,0.5332514047622681
2028,0.8353428840637207
2029,0.12220033258199692
2030,0.6021409630775452
2031,0.47847509384155273
2032,0.44983893632888794
2033,0.361939400434494
2034,-0.29231083393096924
2035,-0.4863961637020111
2036,0.11222288012504578
2037,0.5481632947921753
2038,0.13396470248699188
2039,0.1928759515285492
2040,0.44612327218055725
2041,0.44908732175827026
2042,0.47789689898490906
2043,0.34131667017936707
2044,0.4354623258113861
2045,0.24791058897972107
2046,0.14566121995449066
2047,0.5461862683296204
2048,0.8623897433280945
2049,-0.5934290885925293
2050,0.7550925016403198
2051,0.11316307634115219
2052,0.5397446155548096
2053,0.8692892789840698
2054,-0.0800442174077034
2055,0.5403467416763306
2056,0.2583346664905548
2057,-0.30033737421035767
2058,0.24835652112960815
2059,0.3518732488155365
2060,0.7573609948158264
2061,0.8277458548545837
2062,0.090966135263443
2063,-0.020841384306550026
2064,-0.7072266936302185
2065,0.42254745960235596
2066,1.2088299989700317
2067,-0.004069231450557709
2068,0.25277361273765564
2069,-0.1347058266401291
2070,0.31591567397117615
2071,0.2533213198184967
2072,0.16184471547603607
2073,0.15166118741035461
2074,0.1434670090675354
2075,-0.20960916578769684
2076,0.845244288444519
2077,0.7374695539474487
2078,0.01418620441108942
2079,0.95244300365448
2080,0.502718448638916
2081,0.8252556324005127
2082,0.22063465416431427
2083,0.47647732496261597
2084,0.4435761868953705
2085,-0.5949020981788635
2086,0.43127113580703735
2087,0.588961124420166
2088,0.5731133222579956
2089,0.5244239568710327
2090,0.8630579113960266
2091,-0.1211535707116127
2092,0.5961375832557678
2093,0.09714821726083755
2094,1.0360419750213623
2095,0.6725852489471436
2096,0.625986635684967
2097,0.47715720534324646
2098,0.7165725231170654
2099,0.09452950209379196
2100,0.29197239875793457
2101,-0.25436463952064514
2102,0.29912346601486206
2103,0.23896317183971405
2104,0.8284545540809631
2105,-0.5666938424110413
2106,0.0923110842704773
2107,0.39602819085121155
2108,-0.3687167763710022
2109,-0.23857034742832184
2110,0.06378626078367233
2111,0.4299069344997406
2112,-0.07368768751621246
2113,0.4274708330631256
2114,0.8894564509391785
2115,-0.45655325055122375
2116,0.9725050330162048
2117,0.422330766916275
2118,0.7282814383506775
2119,0.5320643782615662
2120,0.7636855840682983
2121,0.5993969440460205
2122,0.1945064514875412
2123,1.1532272100448608
2124,0.3998291790485382
2125,0.5141923427581787
2126,0.3636629581451416
2127,0.9808063507080078
2128,0.7374435663223267
2129,-0.012824848294258118
2130,0.6427568793296814
2131,-0.402033269405365
2132,0.15014947950839996
2133,1.0698351860046387
2134,1.2167255878448486
2135,0.3218926191329956
2136,0.48942482471466064
2137,0.017481915652751923
2138,0.5270707607269287
2139,0.6191037893295288
2140,0.27773022651672363
2141,0.9326542019844055
2142,0.019027814269065857
2143,1.1935750246047974
2144,1.0932180881500244
2145,0.3547409772872925
2146,0.16857007145881653
2147,1.3223876953125
2148,0.9833652377128601
2149,0.5030139088630676
2150,0.339778870344162
2151,0.7549686431884766
2152,0.8534902930259705
2153,1.0598323345184326
2154,0.13282646238803864
2155,-0.2999991774559021
2156,0.9471718668937683
2157,-0.32760757207870483
2158,1.2180742025375366
2159,0.5538091659545898
2160,0.7900909781455994
2161,1.009821891784668
2162,0.15882724523544312
2163,0.906795859336853
2164,0.5582306981086731
2165,-0.02190430276095867
2166,0.5374782681465149
2167,0.010275829583406448
2168,1.014559030532837
2169,0.719528079032898
2170,-0.07880482077598572
2171,1.0311399698257446
2172,1.4695065021514893
2173,0.545504629611969
2174,0.6938851475715637
2175,0.9342328310012817
2176,0.33522114157676697
2177,0.48935529589653015
2178,0.7980048656463623
2179,0.7876534461975098
2180,1.112123966217041
2181,0.6689683198928833
2182,0.3879733979701996
2183,0.20590417087078094
2184,0.14690454304218292
2185,-0.1319197565317154
2186,0.4563959836959839
2187,0.6122323274612427
2188,0.34344252943992615
2189,0.32124096155166626
2190,0.8068299293518066
2191,0.09371093660593033
2192,-0.1538117229938507
2193,0.3288153111934662
2194,0.6473894715309143
2195,0.46987879276275635
2196,0.3321729898452759
2197,0.1399174928665161
2198,-0.03774271532893181
2199,-0.6552248597145081
2200,0.20188374817371368
2201,0.15606187283992767
2202,0.5644152760505676
2203,0.5578284859657288
2204,-0.09095938503742218
2205,0.336780846118927
2206,0.41069522500038147
2207,-0.6256313323974609
2208,0.26234519481658936
2209,0.9030864238739014
2210,0.36595261096954346
2211,0.5959612727165222
2212,0.32968956232070923
2213,0.44193220138549805
2214,0.3463320732116699
2215,-0.025237027555704117
2216,1.026650071144104
2217,-0.0713929831981659
2218,0.5414646863937378
2219,0.14074501395225525
2220,0.8036130666732788
2221,-0.5080344676971436
2222,0.7955461144447327
2223,0.696751594543457
2224,-0.10442381352186203
2225,-1.061659336090088
2226,0.21947923302650452
2227,0.23048825562000275
2228,0.6679869294166565
2229,0.11372071504592896
2230,0.9993045330047607
2231,0.4048091769218445
2232,0.8805238604545593
2233,-0.017324496060609818
2234,0.03502532094717026
2235,0.6350265145301819
2236,0.033188384026288986
2237,0.439148873090744
2238,-0.12718962132930756
2239,0.7549497485160828
2240,0.3917781710624695
2241,0.8447295427322388
2242,0.37087368965148926
2243,0.14585860073566437
2244,0.23053331673145294
2245,-0.15092316269874573
2246,0.47456634044647217
2247,-0.756100594997406
2248,0.47774648666381836
2249,0.3125755190849304
2250,0.05616185814142227
2251,-0.95891273021698
2252,-0.20421352982521057
2253,-0.3385433256626129
2254,-0.3697338104248047
2255,1.0289000272750854
2256,-0.40195760130882263
2257,0.7948183417320251
2258,-0.42489323019981384
2259,0.3168458640575409
2260,0.13348890841007233
2261,0.8352433443069458
2262,0.45727333426475525
2263,0.41629913449287415
2264,0.8069911003112793
2265,0.5335769653320312
2266,-0.16110269725322723
2267,0.8805681467056274
2268,0.1859758347272873
2269,0.42619505524635315
2270,0.8038374781608582
2271,0.8024649620056152
2272,0.07447729259729385
2273,0.052236996591091156
2274,0.2585262358188629
2275,-0.20759187638759613
2276,0.006426329258829355
2277,0.5524814128875732
2278,-0.6354135870933533
2279,-0.5139355063438416
2280,0.2522132098674774
2281,0.5420141220092773
2282,-0.2730390429496765
2283,-0.37034502625465393
2284,-0.46187490224838257
2285,-0.22849442064762115
2286,-0.5227451920509338
2287,0.463856041431427
2288,0.35118067264556885
2289,0.11079318076372147
2290,0.3825010061264038
2291,0.3976520597934723
2292,0.31834569573402405
2293,-0.14948652684688568
2294,0.1930241733789444
2295,0.06781908869743347
2296,-0.6331121325492859
2297,-0.10125782340765
2298,0.00953578669577837
2299,0.8821710348129272
2300,0.35437414050102234
2301,0.8508046269416809
2302,0.8140613436698914
2303,-0.04599032178521156
2304,0.6755349040031433
2305,0.44045108556747437
2306,0.36468347907066345
2307,0.557035505771637
2308,0.1748923510313034
2309,0.1105194091796875
2310,0.751163125038147
2311,0.7810245752334595
2312,0.2026049792766571
2313,-0.022006824612617493
2314,0.5475148558616638
2315,0.4702250361442566
2316,0.7283275127410889
2317,-1.3298885822296143
2318,0.29370251297950745
2319,-1.5110208988189697
2320,-0.26957425475120544
2321,0.4480226933956146
2322,0.4603005647659302
2323,1.1588548421859741
2324,0.42981043457984924
2325,-0.10182145237922668
2326,-0.26498734951019287
2327,-0.14594043791294098
2328,0.5987236499786377
2329,-0.049296360462903976
2330,0.8407006859779358
2331,0.8391662240028381
2332,0.24972328543663025
2333,1.1299034357070923
2334,1.0914547443389893
2335,0.69336998462677
2336,-0.22610588371753693
2337,0.05206559970974922
2338,0.9942958950996399
2339,0.013131300918757915
2340,0.7351667881011963
2341,0.7048538327217102
2342,0.07853918522596359
2343,1.0493674278259277
2344,-0.10975974798202515
2345,0.21014763414859772
2346,-0.05513050779700279
2347,0.363462895154953
2348,-0.7603082656860352
2349,0.07151160389184952
2350,0.1718982458114624
2351,-0.0746312141418457
2352,0.6755320429801941
2353,0.1513519138097763
2354,0.9887418150901794
2355,0.5368703603744507
2356,-0.10667929798364639
2357,0.3166409134864807
2358,0.18114067614078522
2359,0.5986418724060059
2360,0.07481031864881516
2361,0.7003973126411438
2362,1.0797483921051025
2363,0.3992651104927063
2364,0.19465216994285583
2365,1.3982897996902466
2366,0.33166301250457764
2367,0.8414953351020813
2368,0.778715193271637
2369,-0.3300699293613434
2370,0.39566102623939514
2371,0.3024558424949646
2372,0.16940438747406006
2373,0.04741339385509491
2374,0.8398612141609192
2375,1.2640215158462524
2376,-0.06421157717704773
2377,-0.1613234430551529
2378,-0.17463171482086182
2379,0.42419949173927307
2380,0.7878991365432739
2381,-0.24387796223163605
2382,-0.6061418652534485
2383,0.3176715672016144
2384,0.8241534233093262
2385,0.2703108489513397
2386,0.509988009929657
2387,0.7319025993347168
2388,-0.020022688433527946
2389,0.8847603797912598
2390,-0.33354616165161133
2391,0.6304412484169006
2392,0.7005553841590881
2393,0.36119598150253296
2394,-0.12827734649181366
2395,-0.24066273868083954
2396,0.595720112323761
2397,-0.008589768782258034
2398,-0.2820493280887604
2399,0.2551282048225403
2400,0.9757199883460999
2401,-0.038659896701574326
2402,0.41113367676734924
2403,0.4949253797531128
2404,0.23975223302841187
2405,0.6213125586509705
2406,-0.056359536945819855
2407,0.07613962143659592
2408,-0.0600094236433506
2409,-0.22541899979114532
2410,0.11930214613676071
2411,0.22669179737567902
2412,-0.9100726842880249
2413,1.3046132326126099
2414,0.17937034368515015
2415,0.6969266533851624
2416,0.4449138343334198
2417,0.003065881785005331
2418,0.3095594644546509
2419,0.40122297406196594
2420,-0.4757085144519806
2421,0.001878685550764203
2422,-0.11274515092372894
2423,0.26442015171051025
2424,0.35591989755630493
2425,0.6862333416938782
2426,0.7761695981025696
2427,0.3206827640533447
2428,-0.13754284381866455
2429,0.0590907521545887
2430,0.1492249220609665
2431,0.8877450823783875
2432,0.8298172354698181
2433,0.3365297317504883
2434,0.24260611832141876
2435,1.0393058061599731
2436,-0.425812691450119
2437,0.13495655357837677
2438,-0.05149000510573387
2439,-0.21855619549751282
2440,0.2603808045387268
2441,0.7443978786468506
2442,0.18417248129844666
2443,0.22249126434326172
2444,0.25312209129333496
2445,0.3129987418651581
2446,0.5544895529747009
2447,-0.060745999217033386
2448,0.3048244118690491
2449,0.8144437074661255
2450,0.26184508204460144
2451,0.2246253490447998
2452,0.43947938084602356
2453,0.6977667808532715
2454,0.566977858543396
2455,-0.17701835930347443
2456,0.39388033747673035
2457,0.5408872961997986
2458,1.510149598121643
2459,-0.13686582446098328
2460,0.2615194320678711
2461,0.17690706253051758
2462,0.5214045643806458
2463,0.9391362071037292
2464,0.5858904123306274
2465,-0.039227161556482315
2466,0.6111207008361816
2467,0.5184801816940308
2468,0.5230264067649841
2469,-0.21678872406482697
2470,0.20542196929454803
2471,-0.23722250759601593
2472,0.25512251257896423
2473,0.28618788719177246
2474,0.2692367136478424
2475,1.1865490674972534
2476,-0.26752719283103943
2477,0.34904682636260986
2478,0.2088003009557724
2479,0.7113711833953857
2480,0.8238471150398254
2481,0.7901790738105774
2482,1.094481348991394
2483,0.33085522055625916
2484,0.32628366351127625
2485,0.343395471572876
2486,0.08248478174209595
2487,0.27910447120666504
2488,0.46093520522117615
2489,0.6966111063957214
2490,0.37715235352516174
2491,1.4265702962875366
2492,0.44378089904785156
2493,0.6375197172164917
2494,0.23422931134700775
2495,0.17725308239459991
2496,-0.6741026043891907
2497,-1.2164287567138672
2498,0.9742680788040161
2499,0.7150794267654419
2500,-0.04606444761157036
2501,-0.2523448169231415
2502,0.31932708621025085
2503,1.054460883140564
2504,-0.20623748004436493
2505,-0.7260090112686157
2506,0.05863574147224426
2507,0.8563750982284546
2508,0.947640061378479
2509,0.2764604687690735
2510,0.3157016336917877
2511,0.15504634380340576
2512,-0.22090135514736176
2513,0.38641130924224854
2514,0.022200357168912888
2515,0.5499935150146484
2516,0.14830540120601654
2517,0.4244077503681183
2518,0.5794559717178345
2519,0.4794446527957916
2520,0.9437704682350159
2521,0.6611287593841553
2522,0.44524863362312317
2523,-0.5126489400863647
2524,0.16728651523590088
2525,0.3450610041618347
2526,1.0191322565078735
2527,0.703973650932312
2528,0.091578908264637
2529,-0.5450283288955688
2530,0.4498588442802429
2531,0.5931422114372253
2532,0.7261237502098083
2533,0.7257929444313049
2534,-0.1836426705121994
2535,0.12584568560123444
2536,0.2380412220954895
2537,0.6525515913963318
2538,0.7607672810554504
2539,0.08712778985500336
2540,0.6126008629798889
2541,-0.07580495625734329
2542,0.4086821377277374
2543,0.40728485584259033
2544,0.462659627199173
2545,-0.06596806645393372
2546,0.4150868058204651
2547,0.5165882110595703
2548,0.3264896869659424
2549,-0.24366579949855804
2550,-0.23844535648822784
2551,0.6994045972824097
2552,0.5334727764129639
2553,0.5950203537940979
2554,0.3282211720943451
2555,0.019487788900732994
2556,0.2504785358905792
2557,-0.43980395793914795
2558,-0.03242772817611694
2559,0.5808879137039185
2560,-0.270749032497406
2561,-0.16079333424568176
2562,0.47121286392211914
2563,0.3348340690135956
2564,0.5425060391426086
2565,0.2668570876121521
2566,0.13067470490932465
2567,1.3190312385559082
2568,-0.4444194734096527
2569,0.4307065010070801
2570,-0.09048420190811157
2571,0.6197673678398132
2572,0.7894757390022278
2573,0.2865769565105438
2574,-0.38472360372543335
2575,0.6917060017585754
2576,0.6997397541999817
2577,0.015503962524235249
2578,-0.12845255434513092
2579,0.423222154378891
2580,-0.2568846344947815
2581,-0.8174354434013367
2582,-0.06818361580371857
2583,-0.18871177732944489
2584,0.5390930771827698
2585,-0.499874472618103
2586,-0.2662176489830017
2587,0.9939393997192383
2588,0.41233187913894653
2589,0.04545800760388374
2590,0.12585477530956268
2591,0.8645964860916138
2592,0.4932841360569
2593,0.2938031852245331
2594,0.9606372714042664
2595,-0.17654134333133698
2596,0.4890810549259186
2597,1.2483934164047241
2598,0.41836652159690857
2599,1.0260528326034546
2600,0.07382910698652267
2601,0.029108891263604164
2602,0.7181288599967957
2603,-0.2365856170654297
2604,0.4575139284133911
2605,0.6931760311126709
2606,0.4607207775115967
2607,-0.45242902636528015
2608,0.42034491896629333
2609,-0.4508070647716522
2610,-0.4325326383113861
2611,-0.025558913126587868
2612,0.2862328886985779
2613,-0.6544649600982666
2614,0.25224193930625916
2615,-1.3635014295578003
2616,1.1810251474380493
2617,0.8045861721038818
2618,0.7241226434707642
2619,0.22499118745326996
2620,-0.4869747459888458
2621,0.7075718641281128
2622,0.8540269136428833
2623,0.8903239369392395
2624,-0.9071977138519287
2625,0.36410847306251526
2626,1.1376495361328125
2627,0.07737312465906143
2628,0.02930125780403614
2629,0.5624229311943054
2630,0.4664028286933899
2631,0.4625653624534607
2632,0.3083794116973877
2633,0.4567281901836395
2634,0.8355485796928406
2635,0.8072412014007568
2636,0.15212978422641754
2637,0.4952391982078552
2638,0.39402374625205994
2639,-0.20298968255519867
2640,0.6695781946182251
2641,0.225878044962883
2642,-0.02398982271552086
2643,0.2237607091665268
2644,0.8577184081077576
2645,0.30612993240356445
2646,-0.6401450037956238
2647,-0.49532589316368103
2648,0.9076781868934631
2649,0.6766032576560974
2650,0.46112340688705444
2651,0.3684327304363251
2652,-0.7046571373939514
2653,-1.0402250289916992
2654,0.5097969174385071
2655,0.5831291675567627
2656,-0.18968908488750458
2657,0.20231284201145172
2658,-0.5172152519226074
2659,0.5296341776847839
2660,0.45213425159454346
2661,0.6137481927871704
2662,-0.30639833211898804
2663,0.441672146320343
2664,0.10431811958551407
2665,-0.3917604982852936
2666,0.2532447278499603
2667,0.9761813282966614
2668,0.7530412077903748
2669,0.35182425379753113
2670,0.5442888140678406
2671,-0.52666836977005
2672,0.47495415806770325
2673,1.0142749547958374
2674,0.30906420946121216
2675,0.777373731136322
2676,0.06760291010141373
2677,0.5256116986274719
2678,0.9449610710144043
2679,0.2036013901233673
2680,-0.382537305355072
2681,0.26166337728500366
2682,-0.08306534588336945
2683,0.3982844352722168
2684,0.279227614402771
2685,0.01871800795197487
2686,0.9633233547210693
2687,1.1760225296020508
2688,0.9923198223114014
2689,0.5121776461601257
2690,0.2961869537830353
2691,0.3297984004020691
2692,0.2627731263637543
2693,0.2264331877231598
2694,-0.02513985149562359
2695,0.8448287844657898
2696,0.15058182179927826
2697,0.8940474390983582
2698,0.8574455976486206
2699,-0.18669262528419495
2700,0.7891456484794617
2701,0.7983098030090332
2702,0.5599406957626343
2703,0.20157788693904877
2704,0.42850956320762634
2705,1.0349071025848389
2706,0.9687947034835815
2707,0.2593767046928406
2708,0.9827691316604614
2709,-0.1533013880252838
2710,1.433140754699707
2711,1.1357554197311401
2712,0.06319203972816467
2713,-1.093717098236084
2714,0.26818495988845825
2715,1.0942258834838867
2716,-0.11775625497102737
2717,0.31115415692329407
2718,0.34587129950523376
2719,0.3215378522872925
2720,0.3674752414226532
2721,0.7008972764015198
2722,0.5059890747070312
2723,-0.07339825481176376
2724,-0.782461941242218
2725,0.762790858745575
2726,0.3863261640071869
2727,0.2881559133529663
2728,0.7052765488624573
2729,0.18924012780189514
2730,0.4871210753917694
2731,0.4469451606273651
2732,-0.04684431850910187
2733,-0.32839858531951904
2734,0.22024422883987427
2735,0.752234935760498
2736,1.1689835786819458
2737,0.5097915530204773
2738,0.3643617630004883
2739,0.4239613115787506
2740,0.1878703087568283
2741,-0.111699178814888
2742,0.16674338281154633
2743,-0.058473724871873856
2744,0.022615518420934677
2745,0.17656449973583221
2746,0.248334601521492
2747,0.34709224104881287
2748,0.3208903670310974
2749,0.5057563185691833
2750,0.9281592965126038
2751,0.4400111138820648
2752,-0.3724837303161621
2753,-0.2184096872806549
2754,0.7650741338729858
2755,-0.6985368728637695
2756,0.6541483998298645
2757,-0.09565331786870956
2758,-0.1295679360628128
2759,0.6061015129089355
2760,0.7650044560432434
2761,0.1025291159749031
2762,0.4210324287414551
2763,0.5955191850662231
2764,0.873238742351532
2765,0.12094700336456299
2766,0.4873453974723816
2767,0.3657626807689667
2768,0.5262497067451477
2769,1.072447657585144
2770,0.6641779541969299
2771,0.15936197340488434
2772,1.0852456092834473
2773,1.2809549570083618
2774,1.6164438724517822
2775,0.6103625297546387
2776,-0.28117120265960693
2777,0.6780565977096558
2778,0.7356523871421814
2779,0.592964231967926
2780,0.8828814625740051
2781,0.2115870863199234
2782,0.6146247386932373
2783,-0.3391990661621094
2784,0.2712360620498657
2785,0.33294689655303955
2786,0.4573674499988556
2787,0.6874153017997742
2788,1.5541112422943115
2789,0.35660651326179504
2790,0.6014773845672607
2791,-0.46466660499572754
2792,-0.21378587186336517
2793,-0.2676694393157959
2794,0.9554409384727478
2795,0.3980576694011688
2796,0.3453732132911682
2797,0.3158312141895294
2798,1.0672521591186523
2799,2.303624391555786
2800,-0.2398928701877594
2801,0.33058807253837585
2802,0.84537672996521
2803,0.5389797687530518
2804,0.025592831894755363
2805,0.6207132339477539
2806,0.6487781405448914
2807,0.9326358437538147
2808,0.38539955019950867
2809,0.7097325325012207
2810,-0.05892404913902283
2811,0.5256162285804749
2812,0.2498110979795456
2813,0.7027307152748108
2814,0.5630714893341064
2815,0.680649995803833
2816,0.21788036823272705
2817,1.0009468793869019
2818,0.3835313618183136
2819,0.2263411581516266
2820,0.5248346924781799
2821,0.4735925495624542
2822,0.0067853499203920364
2823,0.04468178376555443
2824,0.0957489088177681
2825,0.27676859498023987
2826,0.7246720790863037
2827,0.5547120571136475
2828,0.5598024725914001
2829,0.04118184372782707
2830,0.3212396800518036
2831,0.2547302544116974
2832,0.19513891637325287
2833,0.08184172958135605
2834,-0.2713207006454468
2835,0.851828396320343
2836,1.0388263463974
2837,0.5667049288749695
2838,0.8110018372535706
2839,0.07567449659109116
2840,-0.8195654153823853
2841,0.7438913583755493
2842,0.1038353368639946
2843,-0.4912617802619934
2844,0.6021862030029297
2845,-0.0631195604801178
2846,0.731866180896759
2847,0.2813739478588104
2848,0.037598028779029846
2849,0.5459325909614563
2850,0.2142384648323059
2851,-0.8180758953094482
2852,0.2534179985523224
2853,0.9450428485870361
2854,0.6909231543540955
2855,0.3137490451335907
2856,0.1538705974817276
2857,0.6305236220359802
2858,1.102907419204712
2859,0.2728104591369629
2860,0.17487342655658722
2861,-0.20527783036231995
2862,0.8310633897781372
2863,0.09595750272274017
2864,0.2780415713787079
2865,0.39648014307022095
2866,-0.16675421595573425
2867,0.7130216360092163
2868,0.2955719232559204
2869,1.2029882669448853
2870,0.24746094644069672
2871,-0.4363842010498047
2872,0.0934661477804184
2873,0.4172155261039734
2874,0.44486117362976074
2875,0.4038439989089966
2876,-0.1576489806175232
2877,-0.18401440978050232
2878,0.190750390291214
2879,0.35809189081192017
2880,0.71356600522995
2881,0.54366534948349
2882,-0.09537864476442337
2883,0.23395277559757233
2884,-0.23586073517799377
2885,0.1931465119123459
2886,0.30089718103408813
2887,-0.06506232172250748
2888,0.9476198554039001
2889,0.9016943573951721
2890,0.4250955581665039
2891,-0.9915778040885925
2892,1.5302270650863647
2893,0.8363931775093079
2894,-1.3452866077423096
2895,0.16230830550193787
2896,0.5426533818244934
2897,0.9673089981079102
2898,0.5697718262672424
2899,-0.011861068196594715
2900,-0.11183159798383713
2901,-0.044840194284915924
2902,0.03250666707754135
2903,0.029562892392277718
2904,-1.3618266582489014
2905,0.10040786862373352
2906,-0.031785253435373306
2907,0.5748438835144043
2908,0.6221270561218262
2909,0.03635992109775543
2910,0.40169215202331543
2911,0.778265118598938
2912,-0.372452974319458
2913,-0.2947428822517395
2914,0.8713257312774658
2915,0.010168910026550293
2916,0.288467675447464
2917,-0.1072658896446228
2918,0.07017782330513
2919,0.37744951248168945
2920,-0.23944036662578583
2921,0.03557907044887543
2922,0.1882757693529129
2923,0.059334270656108856
2924,0.5821096897125244
2925,0.7414224743843079
2926,0.29963940382003784
2927,0.48879802227020264
2928,0.01960122399032116
2929,0.8300692439079285
2930,-0.2438260167837143
2931,0.5739502906799316
2932,0.19946825504302979
2933,0.40910497307777405
2934,0.1690908968448639
2935,0.3118639588356018
2936,0.18470628559589386
2937,0.3575447201728821
2938,0.7390230894088745
2939,0.4831133484840393
2940,1.1141291856765747
2941,-0.03977596387267113
2942,0.21471187472343445
2943,0.08625846356153488
2944,1.0161254405975342
2945,0.3168022334575653
2946,0.19527487456798553
2947,0.5664601922035217
2948,0.2375684678554535
2949,0.836929202079773
2950,0.2151956409215927
2951,0.8473872542381287
2952,-0.18524746596813202
2953,0.6883330941200256
2954,0.16705948114395142
2955,0.0968443900346756
2956,0.2702040374279022
2957,0.3276976943016052
2958,1.385036826133728
2959,0.7135888338088989
2960,-0.17054593563079834
2961,-0.38654613494873047
2962,0.8065866827964783
2963,0.870597243309021
2964,0.06758438050746918
2965,0.03892729431390762
2966,0.2679169774055481
2967,0.4915679693222046
2968,0.3543209433555603
2969,0.12102469801902771
2970,-1.2443405389785767
2971,0.6513858437538147
2972,0.6326326727867126
2973,0.30551594495773315
2974,0.05062989145517349
2975,-0.08007647097110748
2976,0.39269986748695374
2977,-0.7030451893806458
2978,0.4462200403213501
2979,-0.9834592938423157
2980,1.7340795993804932
2981,0.18829086422920227
2982,0.048820190131664276
2983,-0.029130499809980392
2984,-0.9003170132637024
2985,0.9201163649559021
2986,0.4847363829612732
2987,0.034778695553541183
2988,0.33013060688972473
2989,1.1273380517959595
2990,0.11290942877531052
2991,0.6813192367553711
2992,0.32898420095443726
2993,0.8826631307601929
2994,0.1597791463136673
2995,1.110506296157837
2996,0.5967726111412048
2997,-0.17288519442081451
2998,-0.08001849800348282
2999,-0.008074742741882801
3000,0.623347282409668
3001,-0.13806387782096863
3002,0.004009713884443045
3003,0.5346696972846985
3004,0.7466570734977722
3005,0.5438975095748901
3006,0.8631554245948792
3007,0.7403713464736938
3008,0.2766425907611847
3009,0.39589276909828186
3010,0.9156781435012817
3011,0.40390124917030334
3012,1.6061042547225952
3013,0.8233896493911743
3014,0.1880803257226944
3015,0.48008814454078674
3016,-0.3606809675693512
3017,0.7099635004997253
3018,0.002395064802840352
3019,0.36544859409332275
3020,0.39943796396255493
3021,0.5856172442436218
3022,-0.0014612203231081367
3023,0.4954301118850708
3024,0.4647425413131714
3025,1.1475305557250977
3026,-0.555814266204834
3027,1.2358695268630981
3028,0.8218916058540344
3029,0.9276329874992371
3030,0.2770770788192749
3031,-0.24915021657943726
3032,0.44305509328842163
3033,0.9204655289649963
3034,0.3468497395515442
3035,-0.1495477706193924
3036,0.9556140303611755
3037,0.6152968406677246
3038,-0.5588361024856567
3039,-0.3530840575695038
3040,0.41264745593070984
3041,0.8177727460861206
3042,0.6791810393333435
3043,0.5221790671348572
3044,0.8522464632987976
3045,0.3688667416572571
3046,0.548992931842804
3047,0.7346438765525818
3048,-0.14065058529376984
3049,0.1646813601255417
3050,0.992376446723938
3051,0.34905627369880676
3052,0.42486849427223206
3053,1.0870823860168457
3054,0.4271264970302582
3055,0.6928520798683167
3056,0.2763117253780365
3057,0.3766990900039673
3058,-0.23441773653030396
3059,-0.7637962102890015
3060,0.8116645812988281
3061,0.5300076603889465
3062,0.7584534883499146
3063,-0.08471208810806274
3064,1.098593831062317
3065,0.2559162378311157
3066,0.423312246799469
3067,-0.4908403158187866
3068,0.4212765693664551
3069,0.43976765871047974
3070,-0.1042032465338707
3071,0.42540982365608215
3072,0.44205328822135925
3073,1.125853419303894
3074,0.3109956681728363
3075,0.39819392561912537
3076,0.34996965527534485
3077,0.027521174401044846
3078,0.16546323895454407
3079,-0.28093937039375305
3080,0.9139804840087891
3081,-0.40059661865234375
3082,-1.3240480422973633
3083,0.5592896938323975
3084,0.3626159727573395
3085,0.4646650552749634
3086,-0.02623164840042591
3087,0.4556247889995575
3088,-0.020190970972180367
3089,-0.11075294762849808
3090,-0.1641116887331009
3091,0.09010178595781326
3092,0.04918291047215462
3093,0.0838942751288414
3094,0.5258889198303223
3095,0.8035477995872498
3096,0.9402853846549988
3097,1.0376688241958618
3098,0.020945122465491295
3099,0.2506360411643982
3100,0.11823470145463943
3101,0.3391575813293457
3102,0.8434976935386658
3103,-0.3136032819747925
3104,0.3705209791660309
3105,0.45974692702293396
3106,0.6766993999481201
3107,-0.5517600774765015
3108,0.3651908338069916
3109,0.7873041033744812
3110,0.6326680183410645
3111,0.06989044696092606
3112,0.38586074113845825
3113,0.6492133736610413
3114,0.9907171130180359
3115,0.860458493232727
3116,0.29838812351226807
3117,0.41534316539764404
3118,0.5689103603363037
3119,-0.006449076347053051
3120,0.8922183513641357
3121,-0.6166366338729858
3122,0.4975645840167999
3123,0.7327637672424316
3124,-0.5426634550094604
3125,0.3808024823665619
3126,-0.15775245428085327
3127,-0.656817615032196
3128,0.7985888123512268
3129,0.9278827905654907
3130,1.0013248920440674
3131,0.4638853371143341
3132,0.6005249619483948
3133,0.4563494622707367
3134,0.10382735729217529
3135,0.9829142093658447
3136,0.07835384458303452
3137,0.6671879291534424
3138,-0.06519158184528351
3139,-0.1817578226327896
3140,0.8702141642570496
3141,-0.20029239356517792
3142,0.2107366919517517
3143,0.8713107705116272
3144,0.8430123329162598
3145,1.3067137002944946
3146,0.6216899156570435
3147,-0.3825715184211731
3148,-0.240956649184227
3149,0.2675626873970032
3150,0.7206345200538635
3151,0.7406387329101562
3152,-0.2487517148256302
3153,0.14506733417510986
3154,0.5584895610809326
3155,0.22381535172462463
3156,0.5129981637001038
3157,0.5520644783973694
3158,-0.052695076912641525
3159,1.508673071861267
3160,1.0025354623794556
3161,0.5379183292388916
3162,0.5141535997390747
3163,1.2203855514526367
3164,0.16048592329025269
3165,0.1075216680765152
3166,0.0450558178126812
3167,0.5984179377555847
3168,0.8568029999732971
3169,0.09159556031227112
3170,0.19123317301273346
3171,-0.36611416935920715
3172,0.8435184359550476
3173,0.999985933303833
3174,0.3668877184391022
3175,0.4763941466808319
3176,0.10388913005590439
3177,-0.40674489736557007
3178,0.6061897277832031
3179,-0.17981360852718353
3180,-0.09093352407217026
3181,0.6622529625892639
3182,0.6680022478103638
3183,0.2671465277671814
3184,0.9726901650428772
3185,0.6120826601982117
3186,0.3969951272010803
3187,1.0151532888412476
3188,0.4778217673301697
3189,0.166080504655838
3190,0.5217446088790894
3191,0.5905826091766357
3192,-0.7459880709648132
3193,1.032031774520874
3194,0.2187982052564621
3195,0.07117385417222977
3196,0.9063997268676758
3197,1.2409298419952393
3198,0.3092183768749237
3199,0.4237038791179657
3200,0.6505875587463379
3201,0.06880781054496765
3202,-0.5225464105606079
3203,0.31698474287986755
3204,0.2640794813632965
3205,0.05896865949034691
3206,0.5184684991836548
3207,0.5717514753341675
3208,-0.2383233904838562
3209,0.15318986773490906
3210,-0.0812145322561264
3211,0.277233749628067
3212,0.24430270493030548
3213,0.7314309477806091
3214,0.709281325340271
3215,-0.8673803806304932
3216,0.14625902473926544
3217,0.5370355248451233
3218,0.610811173915863
3219,0.43160510063171387
3220,0.30873343348503113
3221,0.14391231536865234
3222,0.7466207146644592
3223,0.9597161412239075
3224,0.6920904517173767
3225,0.6758206486701965
3226,0.12377452105283737
3227,0.24274557828903198
3228,0.39321744441986084
3229,0.8963762521743774
3230,0.828245997428894
3231,0.43022772669792175
3232,0.03769557923078537
3233,1.0363144874572754
3234,0.002701913472265005
3235,0.16849000751972198
3236,0.2637985348701477
3237,0.6088213324546814
3238,0.8610622882843018
3239,0.133165180683136
3240,0.12012390792369843
3241,0.7704384326934814
3242,0.5101950764656067
3243,0.45205575227737427
3244,0.2345023900270462
3245,0.6460447907447815
3246,0.36674079298973083
3247,0.9280999898910522
3248,0.22229868173599243
3249,0.1274874210357666
3250,0.5532878041267395
3251,0.7303772568702698
3252,-0.5011377334594727
3253,0.18209129571914673
3254,-0.24134884774684906
3255,0.820368766784668
3256,0.8657339811325073
3257,0.23165522515773773
3258,0.723258376121521
3259,0.4923937916755676
3260,0.9331743717193604
3261,0.3979785740375519
3262,-0.5258443355560303
3263,-0.5723182559013367
3264,-0.15862403810024261
3265,-0.278267502784729
3266,0.510683536529541
3267,-0.1144593209028244
3268,-0.5140731930732727
3269,0.5405438542366028
3270,0.16704285144805908
3271,-0.20941154658794403
3272,0.6342010498046875
3273,0.4255896508693695
3274,0.8007444739341736
3275,-0.4598379135131836
3276,0.03785596787929535
3277,-0.6178690791130066
3278,1.024242877960205
3279,0.9448361396789551
3280,1.1066429615020752
3281,-0.3024924397468567
3282,0.4629473388195038
3283,0.42221954464912415
3284,0.6435490846633911
3285,0.5820756554603577
3286,0.7880977392196655
3287,-0.7593013644218445
3288,-1.0423721075057983
3289,0.6019138097763062
3290,1.0409293174743652
3291,1.0282082557678223
3292,0.9056578278541565
3293,0.30136802792549133
3294,0.2340388000011444
3295,0.4344005882740021
3296,-0.5655717253684998
3297,0.8463970422744751
3298,0.7227382659912109
3299,0.7043296098709106
3300,0.5554426312446594
3301,-0.020363517105579376
3302,0.8677840828895569
3303,0.19599224627017975
3304,0.8161094188690186
3305,0.7046464681625366
3306,-0.85017329454422
3307,-0.03795217350125313
3308,1.2844871282577515
3309,0.4427044093608856
3310,0.8706746101379395
3311,0.2651112973690033
3312,1.3493242263793945
3313,0.4104830324649811
3314,1.1487276554107666
3315,0.7290571331977844
3316,0.4901663661003113
3317,0.6361808776855469
3318,0.2506052851676941
3319,0.3045581877231598
3320,0.6743596196174622
3321,0.49436891078948975
3322,0.3919414281845093
3323,-0.217313751578331
3324,-0.03625533729791641
3325,0.6114423871040344
3326,0.002381829312071204
3327,0.32069340348243713
3328,-0.14145496487617493
3329,0.9053164124488831
3330,0.590345561504364
3331,0.48818328976631165
3332,-0.40714192390441895
3333,1.311934232711792
3334,0.9668194651603699
3335,0.30225613713264465
3336,0.009431404061615467
3337,-0.38501226902008057
3338,0.32637226581573486
3339,0.009171891026198864
3340,0.5408148169517517
3341,0.5649273991584778
3342,1.0492609739303589
3343,0.7087910771369934
3344,0.9099817276000977
3345,-0.11630988121032715
3346,0.6179554462432861
3347,0.5063543319702148
3348,0.07401373982429504
3349,0.5712193250656128
3350,-0.06860683858394623
3351,0.1647672951221466
3352,0.8126783967018127
3353,0.6386134028434753
3354,-0.11460942029953003
3355,-0.7332801818847656
3356,0.41982394456863403
3357,-1.4382271766662598
3358,-0.06936943531036377
3359,0.34073010087013245
3360,0.24021752178668976
3361,0.3286251723766327
3362,-0.3618674576282501
3363,0.5237091779708862
3364,0.23379875719547272
3365,0.7167505621910095
3366,-0.24842989444732666
3367,-0.05948391929268837
3368,0.042375579476356506
3369,-0.6773189306259155
3370,0.4524553716182709
3371,-0.035215575248003006
3372,0.5228739976882935
3373,-0.886680006980896
3374,0.15514354407787323
3375,0.44166281819343567
3376,0.7939701676368713
3377,0.3276912569999695
3378,0.5437782406806946
3379,-0.6461866497993469
3380,0.5398409366607666
3381,0.2727939486503601
3382,1.2918404340744019
3383,0.12842759490013123
3384,-1.4813627004623413
3385,0.3929484188556671
3386,0.2537781000137329
3387,0.0755167305469513
3388,0.6886275410652161
3389,0.08078934252262115
3390,-0.21347814798355103
3391,-0.2777590751647949
3392,0.4740574061870575
3393,0.2990259826183319
3394,-1.6142343282699585
3395,0.3569085896015167
3396,0.6063961982727051
3397,0.9983646869659424
3398,0.5659152269363403
3399,0.05487649887800217
3400,0.21284127235412598
3401,0.445111483335495
3402,1.0864367485046387
3403,-0.14385947585105896
3404,0.5340887308120728
3405,-0.031134141609072685
3406,1.0317306518554688
3407,0.40817442536354065
3408,0.8087384104728699
3409,-0.1380588263273239
3410,0.7862743139266968
3411,0.21404586732387543
3412,0.5242566466331482
3413,0.8148704767227173
3414,0.022018300369381905
3415,1.4386601448059082
3416,1.1325873136520386
3417,0.24129144847393036
3418,0.2694407105445862
3419,-0.016311408951878548
3420,0.643622100353241
3421,0.11998771131038666
3422,0.23106005787849426
3423,1.383864402770996
3424,0.7553795576095581
3425,-0.12388913333415985
3426,1.0800390243530273
3427,0.6218001246452332
3428,0.9716983437538147
3429,-0.09879564493894577
3430,0.5629481673240662
3431,0.454289048910141
3432,-0.9083734154701233
3433,-0.6880965828895569
3434,0.3795410692691803
3435,0.17451538145542145
3436,-0.13645663857460022
3437,0.6096768975257874
3438,0.3652864694595337
3439,0.21992693841457367
3440,0.14285169541835785
3441,0.13210178911685944
3442,0.3011334240436554
3443,-0.3577723503112793
3444,0.22941961884498596
3445,0.14330355823040009
3446,-0.2631050944328308
3447,0.21188776195049286
3448,0.8473196625709534
3449,0.6559987664222717
3450,0.3816080093383789
3451,1.0297712087631226
3452,0.39187222719192505
3453,0.2892136573791504
3454,0.5418177247047424
3455,0.8427422046661377
3456,0.368132084608078
3457,0.575325608253479
3458,-0.05215240269899368
3459,0.2703150808811188
3460,0.2979015111923218
3461,0.40878188610076904
3462,0.256572425365448
3463,0.3974137604236603
3464,1.1863157749176025
3465,0.40645110607147217
3466,0.35314255952835083
3467,-0.07073450833559036
3468,-0.25756070017814636
3469,0.6851375102996826
3470,0.38104620575904846
3471,0.8314304947853088
3472,0.05278491973876953
3473,0.46548986434936523
3474,0.4124002456665039
3475,0.47703009843826294
3476,0.376516729593277
3477,1.024162769317627
3478,-0.1152152419090271
3479,0.4306142032146454
3480,0.1847359985113144
3481,0.2629455327987671
3482,0.6790609359741211
3483,0.6738962531089783
3484,0.35346928238868713
3485,0.27683064341545105
3486,0.689190685749054
3487,0.8174901604652405
3488,0.913183331489563
3489,1.3240947723388672
3490,0.30113646388053894
3491,0.4993382692337036
3492,-0.09298282861709595
3493,0.8909482359886169
3494,0.2160981148481369
3495,0.4253831207752228
3496,0.17502596974372864
3497,0.6186894774436951
3498,0.36627060174942017
3499,-0.22404032945632935
3500,1.0341233015060425
3501,0.04671783745288849
3502,-0.019986988976597786
3503,0.37389251589775085
3504,-0.13427695631980896
3505,-0.21637509763240814
3506,0.7255030274391174
3507,0.0927460640668869
3508,1.127487301826477
3509,0.9812767505645752
3510,0.2804256081581116
3511,0.3904659152030945
3512,0.3287751376628876
3513,0.1284107267856598
3514,-0.11551190167665482
3515,0.17139774560928345
3516,0.6390866041183472
3517,-0.28242847323417664
3518,0.3883078396320343
3519,0.5260476469993591
3520,0.46171265840530396
3521,0.4013458788394928
3522,0.04694591462612152
3523,0.9437728524208069
3524,0.1756359040737152
3525,-0.21363478899002075
3526,0.6791152358055115
3527,0.6388188600540161
3528,0.13936951756477356
3529,-0.5233296751976013
3530,-0.5428590178489685
3531,0.5917763710021973
3532,0.6966065168380737
3533,0.059816811233758926
3534,0.1258716881275177
3535,0.33941546082496643
3536,0.16247564554214478
3537,0.714103639125824
3538,0.30899178981781006
3539,0.3564583659172058
3540,1.0119755268096924
3541,0.2899209260940552
3542,0.7074544429779053
3543,0.5129832625389099
3544,1.2238304615020752
3545,0.7063121199607849
3546,0.0219302698969841
3547,1.3333733081817627
3548,-0.044557176530361176
3549,0.4990786015987396
3550,-0.004954859614372253
3551,1.115767240524292
3552,0.9553720355033875
3553,0.5026045441627502
3554,0.7244102358818054
3555,0.17104366421699524
3556,-0.10085088014602661
3557,0.6081411242485046
3558,1.0819075107574463
3559,0.9727187752723694
3560,0.9025780558586121
3561,0.30911076068878174
3562,-0.3401317596435547
3563,-0.5365759134292603
3564,0.715627133846283
3565,0.5572404861450195
3566,0.4827973544597626
3567,0.46389275789260864
3568,0.45153793692588806
3569,0.24135716259479523
3570,0.7944628596305847
3571,-0.024602357298135757
3572,-0.7756558060646057
3573,0.5256693959236145
3574,0.46364670991897583
3575,0.14540022611618042
3576,-0.041159722954034805
3577,0.12200086563825607
3578,1.133213996887207
3579,0.1209481880068779
3580,1.0011752843856812
3581,-0.5105482339859009
3582,-0.05620814487338066
3583,1.3638691902160645
3584,-0.42475125193595886
3585,0.6236727237701416
3586,0.745339035987854
3587,0.7031775712966919
3588,1.3976246118545532
3589,-0.16344040632247925
3590,0.5759487152099609
3591,0.3221805691719055
3592,0.06607204675674438
3593,-0.11258680373430252
3594,0.6805898547172546
3595,0.15290281176567078
3596,0.4052085280418396
3597,0.49509069323539734
3598,0.5042260885238647
3599,-0.15246433019638062
3600,1.0247756242752075
3601,0.06369519978761673
3602,0.33337074518203735
3603,-0.6235925555229187
3604,0.2329193651676178
3605,0.7826198935508728
3606,0.2256077527999878
3607,0.675576388835907
3608,-0.25289320945739746
3609,0.6883299350738525
3610,-0.22103124856948853
3611,0.2276148498058319
3612,0.44671231508255005
3613,0.7541194558143616
3614,0.28885358572006226
3615,0.8729135394096375
3616,0.31999292969703674
3617,-0.025673406198620796
3618,-1.0765517950057983
3619,-0.04118435084819794
3620,0.579377293586731
3621,0.027196578681468964
3622,0.5461239218711853
3623,1.036506175994873
3624,1.5115773677825928
3625,0.136851504445076
3626,-0.507064938545227
3627,0.22698892652988434
3628,1.0696474313735962
3629,0.564365565776825
3630,0.9069416522979736
3631,0.3726103901863098
3632,0.7934837937355042
3633,0.1169930100440979
3634,0.4254600405693054
3635,1.307058572769165
3636,-0.7563039660453796
3637,0.5028781294822693
3638,0.7104436755180359
3639,0.6298182010650635
3640,-0.2513178288936615
3641,-0.04131856933236122
3642,1.243308663368225
3643,0.6815334558486938
3644,1.1068528890609741
3645,0.3571341037750244
3646,0.4867766201496124
3647,0.1765798032283783
3648,0.8400068283081055
3649,-0.24591697752475739
3650,1.041675090789795
3651,0.6493066549301147
3652,0.3509730398654938
3653,-0.13981232047080994
3654,0.2222587913274765
3655,0.2919171452522278
3656,0.42203009128570557
3657,-0.036581721156835556
3658,0.6372606158256531
3659,-0.2430163025856018
3660,0.2619800567626953
3661,0.30957671999931335
3662,0.4765516519546509
3663,-0.12161198258399963
3664,0.850446343421936
3665,0.9853221774101257
3666,0.12611617147922516
3667,0.9618844389915466
3668,0.2756727933883667
3669,0.2747524380683899
3670,0.7631328105926514
3671,0.47452399134635925
3672,0.5742756128311157
3673,-0.16005370020866394
3674,0.200986847281456
3675,0.08489564806222916
3676,0.8076122999191284
3677,0.9449432492256165
3678,0.9287388324737549
3679,0.7546031475067139
3680,-0.524898886680603
3681,-0.18784461915493011
3682,0.6980037689208984
3683,-0.13257336616516113
3684,1.0253536701202393
3685,0.5896733999252319
3686,0.5443502068519592
3687,-0.011657606810331345
3688,0.7491713166236877
3689,0.316856324672699
3690,0.21064423024654388
3691,0.1816423237323761
3692,0.4382081925868988
3693,0.5013478994369507
3694,0.3212847113609314
3695,0.3539654612541199
3696,0.4120027720928192
3697,-0.18043914437294006
3698,1.1114000082015991
3699,-0.22247399389743805
3700,0.4912731945514679
3701,0.3761613070964813
3702,0.1782020777463913
3703,0.33106935024261475
3704,0.26213398575782776
3705,-0.4192502796649933
3706,-0.9572583436965942
3707,-1.066200852394104
3708,0.6899058818817139
3709,0.09240026026964188
3710,-0.2228088676929474
3711,0.28473931550979614
3712,0.13114294409751892
3713,0.6984117031097412
3714,0.5210003852844238
3715,1.277910828590393
3716,0.271566241979599
3717,0.9423250555992126
3718,0.2890428900718689
3719,-0.10521527379751205
3720,0.6798925995826721
3721,0.9413284063339233
3722,0.06080594286322594
3723,0.8134099841117859
3724,0.3743835687637329
3725,1.0760157108306885
3726,0.20904870331287384
3727,-0.5341112017631531
3728,-0.3109670877456665
3729,0.20307612419128418
3730,0.3026064336299896
3731,0.8271399140357971
3732,-0.15947026014328003
3733,0.17625892162322998
3734,0.9403688311576843
3735,1.0330761671066284
3736,0.6676589250564575
3737,-0.5961739420890808
3738,0.06434226036071777
3739,-0.22646836936473846
3740,0.3616093397140503
3741,0.32303687930107117
3742,0.9200176000595093
3743,-0.0013264348963275552
3744,0.5738140940666199
3745,0.5138333439826965
3746,-0.6273037195205688
3747,0.4539124071598053
3748,-0.3879828453063965
3749,-0.31528961658477783
3750,0.6287503242492676
3751,0.4551897943019867
3752,0.7985271215438843
3753,0.24650101363658905
3754,0.8267219662666321
3755,0.012492280453443527
3756,0.5706587433815002
3757,0.7424502372741699
3758,0.5887404084205627
3759,0.8479809761047363
3760,0.2735106945037842
3761,0.36585482954978943
3762,0.2681712210178375
3763,0.4541005492210388
3764,0.40723299980163574
3765,-0.01283230260014534
3766,1.1810979843139648
3767,1.1462101936340332
3768,0.6373435854911804
3769,0.0795007050037384
3770,-1.9556032419204712
3771,0.13945423066616058
3772,0.35818687081336975
3773,0.5157560706138611
3774,0.022418897598981857
3775,0.5707963705062866
3776,-0.052178092300891876
3777,-0.03985605761408806
3778,0.8214871287345886
3779,0.27468448877334595
3780,0.15530498325824738
3781,-0.5962514877319336
3782,0.897756814956665
3783,0.7662129998207092
3784,0.5215277075767517
3785,0.8158758282661438
3786,0.052709028124809265
3787,-0.1936250925064087
3788,-0.21925099194049835
3789,0.5254513025283813
3790,0.7723714709281921
3791,0.3069857060909271
3792,-0.12403904646635056
3793,-0.3708459734916687
3794,-0.6015681028366089
3795,0.341544508934021
3796,1.0622153282165527
3797,0.5560407638549805
3798,0.6438613533973694
3799,0.3274744749069214
3800,1.2622820138931274
3801,0.5230976939201355
3802,0.814576268196106
3803,0.3550049066543579
3804,1.3009661436080933
3805,1.0640369653701782
3806,0.588879406452179
3807,-0.0731949433684349
3808,0.9164589643478394
3809,0.538516104221344
3810,1.0854772329330444
3811,0.5110592246055603
3812,0.42989349365234375
3813,0.4881870448589325
3814,0.7814231514930725
3815,0.7901332974433899
3816,0.2395625114440918
3817,0.49706435203552246
3818,-0.07889411598443985
3819,0.7871554493904114
3820,-0.8148196935653687
3821,1.0243594646453857
3822,-0.13555587828159332
3823,-1.049890160560608
3824,0.2600029706954956
3825,-0.17402639985084534
3826,0.7298204302787781
3827,-0.5658590793609619
3828,0.7283816933631897
3829,1.2050390243530273
3830,0.34010106325149536
3831,0.2719123065471649
3832,-0.09454686939716339
3833,0.46203887462615967
3834,-0.4760511815547943
3835,0.7311897873878479
3836,1.1668777465820312
3837,-0.16903162002563477
3838,1.2280479669570923
3839,0.20583584904670715
3840,0.2889474034309387
3841,0.75597083568573
3842,0.8982947468757629
3843,0.3021294176578522
3844,0.4502289295196533
3845,0.1110106110572815
3846,0.43282783031463623
3847,0.4634733498096466
3848,0.42208871245384216
3849,0.05761013925075531
3850,-0.3065718114376068
3851,0.13566771149635315
3852,1.045363426208496
3853,0.5163697600364685
3854,0.571148157119751
3855,-0.1831752061843872
3856,0.5692586898803711
3857,0.10111242532730103
3858,0.569058895111084
3859,0.2642751932144165
3860,0.6333343982696533
3861,0.085090771317482
3862,0.8514847159385681
3863,0.5817258358001709
3864,0.40354713797569275
3865,1.2712209224700928
3866,0.2015594244003296
3867,1.040928840637207
3868,-0.6370489597320557
3869,0.7178310751914978
3870,0.5107826590538025
3871,0.521984875202179
3872,0.21412880718708038
3873,0.3938886821269989
3874,-0.8097440004348755
3875,-0.4173789322376251
3876,0.4145585000514984
3877,0.48529481887817383
3878,0.5618563890457153
3879,-0.39390382170677185
3880,0.25933048129081726
3881,0.34704047441482544
3882,-0.6274373531341553
3883,0.5378012657165527
3884,1.1816775798797607
3885,0.6490880846977234
3886,0.3412325382232666
3887,1.0954347848892212
3888,0.9679140448570251
3889,0.410934180021286
3890,0.35894787311553955
3891,0.3254615068435669
3892,-0.3076007664203644
3893,0.5913507342338562
3894,0.4653685688972473
3895,0.775262713432312
3896,0.1954576075077057
3897,0.2648673951625824
3898,0.4159811735153198
3899,0.5287938714027405
3900,0.5978605151176453
3901,1.0554569959640503
3902,0.9780512452125549
3903,-0.3273228108882904
3904,-0.31312304735183716
3905,0.8186575174331665
3906,0.025792766362428665
3907,-0.2089567631483078
3908,-0.20932519435882568
3909,-0.1631658524274826
3910,0.73839271068573
3911,0.4398970901966095
3912,0.07484923303127289
3913,-0.1988232433795929
3914,0.6085633039474487
3915,-0.13903354108333588
3916,0.10852742940187454
3917,-0.06733807921409607
3918,0.6700060367584229
3919,0.3936484158039093
3920,0.3646377623081207
3921,0.1788250058889389
3922,0.9039112329483032
3923,0.2842298448085785
3924,0.40682998299598694
3925,0.42052656412124634
3926,0.33121779561042786
3927,-0.657111406326294
3928,0.23142459988594055
3929,-0.19255352020263672
3930,0.6932759881019592
3931,0.03445066884160042
3932,-0.48382285237312317
3933,-0.00675056641921401
3934,-0.6975066661834717
3935,0.9395189881324768
3936,-0.053403276950120926
3937,0.13421081006526947
3938,0.49630680680274963
3939,0.3220948576927185
3940,0.22465132176876068
3941,-0.09296801686286926
3942,-0.3114563524723053
3943,1.263244867324829
3944,1.1261987686157227
3945,0.26427069306373596
3946,0.5119703412055969
3947,-0.14144353568553925
3948,0.6244445443153381
3949,0.005542675964534283
3950,-0.4153378903865814
3951,0.40435224771499634
3952,-0.6603524684906006
3953,0.23614998161792755
3954,0.5856478810310364
3955,0.3772089183330536
3956,0.3585371673107147
3957,-0.013717175461351871
3958,-0.16563966870307922
3959,0.48597076535224915
3960,-0.5870212912559509
3961,-0.580814003944397
3962,-0.5920069217681885
3963,0.7518413662910461
3964,0.337813138961792
3965,0.010067276656627655
3966,-0.3012741208076477
3967,0.2980460524559021
3968,-0.011072993278503418
3969,-0.45212864875793457
3970,-0.6947693228721619
3971,1.3172780275344849
3972,-0.05213986709713936
3973,0.6610490083694458
3974,0.2632514238357544
3975,-0.1482042819261551
3976,0.9272041916847229
3977,-0.5572636127471924
3978,-0.2538934051990509
3979,1.0958634614944458
3980,0.08638759702444077
3981,0.586085855960846
3982,0.37471461296081543
3983,0.4484078586101532
3984,0.9719230532646179
3985,-0.021184086799621582
3986,0.6247588396072388
3987,-0.24209392070770264
3988,0.057318996638059616
3989,-0.13749171793460846
3990,0.24057632684707642
3991,0.38762837648391724
3992,0.32363957166671753
3993,-0.08126667141914368
3994,0.13743022084236145
3995,0.42368388175964355
3996,-0.31141647696495056
3997,0.7770313620567322
3998,0.8455199599266052
3999,0.39727485179901123
4000,0.1999163180589676
4001,0.6220196485519409
4002,-0.20292651653289795
4003,0.4627954661846161
4004,-0.40174388885498047
4005,0.3175707757472992
4006,0.39555543661117554
4007,0.6950474977493286
4008,0.46629294753074646
4009,0.907597005367279
4010,-0.04621075838804245
4011,0.29271769523620605
4012,0.35607463121414185
4013,-0.024071764200925827
4014,0.550296425819397
4015,0.8362728357315063
4016,0.4211006164550781
4017,0.5706601738929749
4018,0.47319141030311584
4019,1.1445066928863525
4020,0.27856746315956116
4021,-0.2443719208240509
4022,0.07848943769931793
4023,0.5555127859115601
4024,-0.5223392844200134
4025,0.41594764590263367
4026,0.20678125321865082
4027,0.6745240092277527
4028,0.6088014841079712
4029,0.8085523247718811
4030,0.07223531603813171
4031,1.3255656957626343
4032,-0.20468804240226746
4033,0.36863479018211365
4034,0.29474207758903503
4035,-0.03457829728722572
4036,0.5404164791107178
4037,0.1563711315393448
4038,0.6013862490653992
4039,0.32629290223121643
4040,1.1449285745620728
4041,1.0164142847061157
4042,0.3860089182853699
4043,-0.8120294213294983
4044,0.14228543639183044
4045,0.3128967583179474
4046,-0.04351523891091347
4047,1.0154038667678833
4048,0.3666854202747345
4049,0.34349966049194336
4050,0.36310502886772156
4051,0.6467041969299316
4052,0.47826290130615234
4053,0.5729821920394897
4054,0.177158385515213
4055,0.366395503282547
4056,-0.3813963830471039
4057,-0.8376822471618652
4058,1.2043298482894897
4059,0.4254452884197235
4060,0.7430289387702942
4061,0.14112317562103271
4062,0.6617689728736877
4063,0.5466528534889221
4064,-0.7053923606872559
4065,-0.36752915382385254
4066,0.8637392520904541
4067,0.945553719997406
4068,0.8339002728462219
4069,-0.41284888982772827
4070,0.43730583786964417
4071,0.08434291929006577
4072,0.7446765303611755
4073,0.45844000577926636
4074,-0.09406371414661407
4075,0.4747574031352997
4076,-0.3758820593357086
4077,0.3963138163089752
4078,0.03607286140322685
4079,-0.3269844949245453
4080,0.3588007092475891
4081,0.7469450235366821
4082,0.1201167032122612
4083,0.16919977962970734
4084,-0.2188543677330017
4085,0.25887081027030945
4086,0.9517393112182617
4087,-0.38120749592781067
4088,0.28825363516807556
4089,-0.08602938801050186
4090,0.3407976031303406
4091,-0.5448185801506042
4092,0.20491410791873932
4093,0.7585552930831909
4094,-0.22539295256137848
4095,0.4042043089866638
