alpha_pop,cohens_d,alpha_unpop,ndcg,avgpop@10,gini@10,cov@10,covn@10,ndcgpassive@10,ndcgneutral@10,ndcgactive@10,ndcgtail@10,ndcghead@10,ndcgtailuser@10,ndcgmiduser@10,ndcgheaduser@10,epochtime
1,0.0,0,0.071,2693.1209,0.9963,0.0533,0.02,0.067,0.067,0.1063,9.999999999998899e-05,0.0709,0.0719,0.0719,0.0626,0.517552614
2,0.0,0,0.0717,2648.77,0.9961,0.0594,0.0232,0.0676,0.0676,0.1089,0.00010000000000000286,0.0716,0.0728,0.0728,0.0626,0.514670372
3,0.0,0,0.0718,2579.0264,0.9957,0.0689,0.0289,0.0676,0.0676,0.1095,0.0003999999999999976,0.0714,0.0729,0.0729,0.0618,0.519268274
4,0.0,0,0.0708,2424.4648,0.9949,0.0826,0.0357,0.0668,0.0668,0.1073,0.0011000000000000038,0.0697,0.0718,0.0718,0.0618,0.520499468
5,0.0,0,0.0658,2026.7046,0.993,0.098,0.0494,0.0622,0.0622,0.0985,0.0030000000000000027,0.0628,0.0667,0.0667,0.0578,0.518671274
6,0.0,0,0.049,1208.1199,0.9891,0.1181,0.0709,0.0453,0.0453,0.0825,0.0050000000000000044,0.044,0.05,0.05,0.0403,0.518175602
0,0.0,1,0.0695,2731.5447,0.9964,0.0513,0.0178,0.066,0.066,0.1011,0.0,0.0695,0.0703,0.0703,0.0624,0.519380093
1,0.0,1,0.0705,2698.4222,0.9963,0.0523,0.0198,0.0666,0.0666,0.1054,9.999999999998899e-05,0.0704,0.0713,0.0713,0.0631,0.520382643
2,0.0,1,0.0712,2648.7256,0.9961,0.0621,0.0232,0.0671,0.0671,0.1088,0.00020000000000000573,0.071,0.0721,0.0721,0.0632,0.520570993
3,0.0,1,0.0712,2565.3331,0.9956,0.0707,0.0296,0.0669,0.0669,0.1096,0.0006000000000000033,0.0706,0.0722,0.0722,0.0622,0.521436214
4,0.0,1,0.0695,2371.2715,0.9947,0.0814,0.0357,0.0654,0.0654,0.1064,0.0015000000000000013,0.068,0.0705,0.0705,0.0606,0.525067568
5,0.0,1,0.0632,1902.5823,0.9926,0.0978,0.0511,0.0593,0.0593,0.0979,0.003500000000000003,0.0597,0.0641,0.0641,0.0552,0.519392967
6,0.0,1,0.0426,953.8394,0.9887,0.1164,0.0711,0.0388,0.0388,0.077,0.005600000000000001,0.037,0.0434,0.0434,0.0356,0.517920017
0,0.0,2,0.0691,2755.0135,0.9964,0.0506,0.0169,0.0658,0.0658,0.0988,0.0,0.0691,0.0698,0.0698,0.0629,0.518256903
1,0.0,2,0.07,2718.482,0.9963,0.0528,0.021,0.0661,0.0661,0.1051,0.00010000000000000286,0.0699,0.0707,0.0707,0.0629,0.519113541
2,0.0,2,0.0708,2662.7605,0.996,0.0609,0.0237,0.0667,0.0667,0.108,0.0003000000000000086,0.0705,0.0715,0.0715,0.0641,0.519633532
3,0.0,2,0.0709,2565.427,0.9955,0.0724,0.0293,0.0668,0.0668,0.1082,0.0007000000000000062,0.0702,0.0718,0.0718,0.0631,0.521589279
4,0.0,2,0.0682,2345.3892,0.9945,0.0831,0.0367,0.0641,0.0641,0.1052,0.001799999999999996,0.0664,0.0692,0.0692,0.0588,0.519568443
5,0.0,2,0.0612,1825.0933,0.9924,0.0973,0.0509,0.0573,0.0573,0.0967,0.003799999999999998,0.0574,0.0621,0.0621,0.0533,0.519428015
6,0.0,2,0.0394,882.8289,0.9887,0.1178,0.0697,0.0357,0.0357,0.0729,0.0058,0.0336,0.04,0.04,0.0338,0.520109892
0,0.0,3,0.0681,2777.8447,0.9965,0.0528,0.0174,0.0648,0.0648,0.0974,0.0,0.0681,0.0687,0.0687,0.0627,0.517841101
1,0.0,3,0.0696,2737.0978,0.9963,0.054,0.0205,0.0656,0.0656,0.1052,9.999999999998899e-05,0.0695,0.0702,0.0702,0.0638,0.525442362
2,0.0,3,0.0705,2675.4041,0.996,0.0636,0.0242,0.0663,0.0663,0.1087,0.0002999999999999947,0.0702,0.0712,0.0712,0.0644,0.519307852
3,0.0,3,0.0704,2566.7874,0.9955,0.0714,0.0291,0.0661,0.0661,0.1085,0.000800000000000009,0.0696,0.0712,0.0712,0.0632,0.51828289
4,0.0,3,0.0674,2315.8785,0.9945,0.0829,0.0372,0.0633,0.0633,0.1037,0.0020000000000000018,0.0654,0.0684,0.0684,0.0582,0.51845026
5,0.0,3,0.0603,1766.9813,0.9923,0.0976,0.0516,0.0562,0.0562,0.0965,0.004200000000000002,0.0561,0.0612,0.0612,0.0518,0.516881943
6,0.0,3,0.0377,850.6809,0.9887,0.1164,0.0699,0.034,0.034,0.0715,0.0058,0.0319,0.0383,0.0383,0.0326,0.519188404
0,0.0,4,0.0676,2797.9598,0.9965,0.0516,0.0174,0.0644,0.0644,0.0961,0.0,0.0676,0.0682,0.0682,0.0625,0.518737078
1,0.0,4,0.0688,2751.8182,0.9963,0.0548,0.0205,0.065,0.065,0.1037,0.0,0.0688,0.0694,0.0694,0.0634,0.521657467
2,0.0,4,0.0702,2683.6166,0.996,0.0636,0.0242,0.066,0.066,0.1081,0.0002999999999999947,0.0699,0.071,0.071,0.0634,0.518755198
3,0.0,4,0.0698,2559.5773,0.9954,0.0716,0.0291,0.0656,0.0656,0.108,0.000899999999999998,0.0689,0.0707,0.0707,0.0616,0.519088984
4,0.0,4,0.0671,2284.9019,0.9944,0.0817,0.0372,0.0631,0.0631,0.1034,0.0022000000000000075,0.0649,0.0682,0.0682,0.0575,0.520700216
5,0.0,4,0.0596,1720.4639,0.9922,0.0976,0.0513,0.0556,0.0556,0.0958,0.004400000000000001,0.0552,0.0606,0.0606,0.051,0.529766798
6,0.0,4,0.0369,833.4738,0.9887,0.1152,0.0709,0.0332,0.0332,0.0708,0.0059000000000000025,0.031,0.0374,0.0374,0.0326,0.519141674
0,0.0,5,0.0671,2811.5422,0.9965,0.0521,0.0174,0.0639,0.0639,0.0962,0.0,0.0671,0.0676,0.0676,0.0625,0.51951313
1,0.0,5,0.0687,2761.2311,0.9964,0.055,0.0203,0.0648,0.0648,0.104,0.00010000000000000286,0.0686,0.0693,0.0693,0.063,0.517514944
2,0.0,5,0.0698,2685.0302,0.996,0.0648,0.0237,0.0655,0.0655,0.1082,0.0003999999999999976,0.0694,0.0705,0.0705,0.0635,0.51819849
3,0.0,5,0.0694,2550.3645,0.9954,0.0731,0.0289,0.0652,0.0652,0.1079,0.0010000000000000009,0.0684,0.0703,0.0703,0.062,0.517942667
4,0.0,5,0.0668,2256.1194,0.9943,0.0822,0.0374,0.0629,0.0629,0.1019,0.0023999999999999994,0.0644,0.0678,0.0678,0.0576,0.520672798
5,0.0,5,0.0589,1678.6619,0.9921,0.0978,0.0511,0.0549,0.0549,0.095,0.004500000000000004,0.0544,0.0597,0.0597,0.0509,0.519281864
6,0.0,5,0.0366,827.0447,0.9887,0.1152,0.0704,0.0328,0.0328,0.0708,0.006000000000000002,0.0306,0.0371,0.0371,0.0319,0.518791199
0,0.0,6,0.0672,2821.2091,0.9966,0.0516,0.0174,0.0639,0.0639,0.0971,0.0,0.0672,0.0677,0.0677,0.0628,0.518610477
1,0.0,6,0.0688,2766.9698,0.9964,0.0555,0.0205,0.0648,0.0648,0.1049,0.00010000000000000286,0.0687,0.0693,0.0693,0.0638,0.52089119
2,0.0,6,0.0699,2684.6013,0.996,0.0641,0.0249,0.0654,0.0654,0.11,0.0003999999999999976,0.0695,0.0706,0.0706,0.0632,0.518630266
3,0.0,6,0.0693,2537.5081,0.9954,0.0733,0.0291,0.0651,0.0651,0.107,0.0011000000000000038,0.0682,0.0702,0.0702,0.0613,0.518824577
4,0.0,6,0.0665,2224.7052,0.9943,0.0822,0.0377,0.0625,0.0625,0.1023,0.002600000000000005,0.0639,0.0675,0.0675,0.0577,0.525817871
5,0.0,6,0.0586,1654.2637,0.9921,0.0983,0.0516,0.0545,0.0545,0.0952,0.004499999999999997,0.0541,0.0595,0.0595,0.0505,0.519024134
6,0.0,6,0.0365,825.1307,0.9887,0.1154,0.0707,0.0327,0.0327,0.0708,0.005899999999999999,0.0306,0.037,0.037,0.0319,0.519173384
0,0.25,0,0.0703,2722.4528,0.9965,0.0506,0.0178,0.0667,0.0667,0.1026,0.0,0.0703,0.0711,0.0711,0.0628,0.484302998
1,0.25,0,0.0709,2695.5514,0.9963,0.0535,0.02,0.067,0.067,0.1063,0.0,0.0709,0.0718,0.0718,0.0625,0.484493732
2,0.25,0,0.0717,2653.0921,0.9961,0.0589,0.0232,0.0675,0.0675,0.1088,0.00020000000000000573,0.0715,0.0727,0.0727,0.0627,0.48503232
3,0.25,0,0.0716,2585.9458,0.9958,0.0689,0.0289,0.0675,0.0675,0.1092,0.0003999999999999976,0.0712,0.0727,0.0727,0.0617,0.48609066
4,0.25,0,0.0707,2430.9323,0.9949,0.0822,0.0357,0.0667,0.0667,0.1073,0.0011000000000000038,0.0696,0.0717,0.0717,0.0622,0.484895945
5,0.25,0,0.0656,2026.4459,0.993,0.0978,0.0501,0.062,0.062,0.0985,0.0030000000000000027,0.0626,0.0665,0.0665,0.0582,0.489399433
6,0.25,0,0.0483,1203.4291,0.9891,0.1176,0.0716,0.0447,0.0447,0.0813,0.0051,0.0432,0.0493,0.0493,0.0401,0.483837366
0,0.25,1,0.0698,2722.1713,0.9964,0.0521,0.0183,0.0663,0.0663,0.1012,0.0,0.0698,0.0706,0.0706,0.0627,0.483732462
1,0.25,1,0.0706,2693.0798,0.9963,0.0531,0.0198,0.0666,0.0666,0.1059,0.00010000000000000286,0.0705,0.0714,0.0714,0.0627,0.483457088
2,0.25,1,0.0713,2645.154,0.996,0.0609,0.0232,0.0671,0.0671,0.109,0.00020000000000000573,0.0711,0.0722,0.0722,0.063,0.485659122
3,0.25,1,0.0715,2565.3373,0.9956,0.0707,0.0296,0.0672,0.0672,0.1101,0.0005000000000000004,0.071,0.0726,0.0726,0.0624,0.484307528
4,0.25,1,0.0696,2375.4179,0.9947,0.0807,0.0362,0.0655,0.0655,0.1064,0.0015000000000000013,0.0681,0.0707,0.0707,0.06,0.483329058
5,0.25,1,0.0628,1907.4382,0.9927,0.0983,0.0511,0.0589,0.0589,0.0975,0.003599999999999992,0.0592,0.0635,0.0635,0.0568,0.484097004
6,0.25,1,0.0417,943.013,0.9887,0.1169,0.0716,0.0378,0.0378,0.0769,0.005600000000000001,0.0361,0.0425,0.0425,0.0348,0.482977152
0,0.25,2,0.0698,2734.8301,0.9964,0.0511,0.0174,0.0664,0.0664,0.1007,0.0,0.0698,0.0705,0.0705,0.0636,0.484183073
1,0.25,2,0.0706,2702.5957,0.9962,0.0533,0.0203,0.0666,0.0666,0.1063,0.00010000000000000286,0.0705,0.0714,0.0714,0.063,0.483919859
2,0.25,2,0.0712,2648.7621,0.996,0.0606,0.0232,0.0671,0.0671,0.1078,0.0002999999999999947,0.0709,0.072,0.072,0.0639,0.484804392
3,0.25,2,0.071,2558.3197,0.9955,0.0711,0.0293,0.0668,0.0668,0.1083,0.0006999999999999923,0.0703,0.0718,0.0718,0.0631,0.483695984
4,0.25,2,0.0683,2349.1164,0.9946,0.0824,0.0369,0.0643,0.0643,0.1044,0.0016999999999999932,0.0666,0.0692,0.0692,0.0602,0.484239817
5,0.25,2,0.0613,1836.1124,0.9925,0.0993,0.0511,0.0574,0.0574,0.0962,0.0039000000000000007,0.0574,0.0621,0.0621,0.0536,0.486818075
6,0.25,2,0.0394,872.1066,0.9887,0.1166,0.0716,0.0356,0.0356,0.0739,0.0058999999999999955,0.0335,0.0402,0.0402,0.0327,0.482939243
0,0.25,3,0.0693,2743.9426,0.9964,0.0513,0.0174,0.0659,0.0659,0.0996,0.0,0.0693,0.0699,0.0699,0.0636,0.483567238
1,0.25,3,0.07,2708.2924,0.9962,0.0531,0.0205,0.0661,0.0661,0.1057,0.00010000000000000286,0.0699,0.0708,0.0708,0.0634,0.484561205
2,0.25,3,0.0712,2649.1933,0.996,0.0628,0.0237,0.0671,0.0671,0.1076,0.0002999999999999947,0.0709,0.0719,0.0719,0.0642,0.488059998
3,0.25,3,0.0705,2549.6872,0.9955,0.0714,0.0289,0.0663,0.0663,0.1081,0.0007999999999999952,0.0697,0.0712,0.0712,0.0634,0.485179663
4,0.25,3,0.0674,2316.9186,0.9945,0.0819,0.0369,0.0634,0.0634,0.1034,0.001899999999999999,0.0655,0.0682,0.0682,0.0601,0.483834982
5,0.25,3,0.0605,1784.9723,0.9924,0.0988,0.0511,0.0565,0.0565,0.0965,0.0040999999999999995,0.0564,0.0614,0.0614,0.0521,0.484167099
6,0.25,3,0.0381,841.8775,0.9888,0.1149,0.0711,0.0342,0.0342,0.0733,0.006000000000000005,0.0321,0.0388,0.0388,0.0317,0.483986378
0,0.25,4,0.0692,2749.4555,0.9964,0.0511,0.0176,0.0657,0.0657,0.1013,0.0,0.0692,0.0699,0.0699,0.0635,0.486322165
1,0.25,4,0.0698,2711.0137,0.9962,0.0535,0.0203,0.0658,0.0658,0.1062,0.00010000000000000286,0.0697,0.0706,0.0706,0.063,0.48688221
2,0.25,4,0.0712,2645.6295,0.9959,0.0626,0.0235,0.0671,0.0671,0.1075,0.0003999999999999976,0.0708,0.0719,0.0719,0.0649,0.484436274
3,0.25,4,0.0702,2535.1222,0.9954,0.0716,0.0291,0.0662,0.0662,0.1071,0.0007999999999999952,0.0694,0.0711,0.0711,0.0629,0.486929893
4,0.25,4,0.0676,2286.5856,0.9944,0.0812,0.0369,0.0636,0.0636,0.1028,0.0021999999999999936,0.0654,0.0683,0.0683,0.0606,0.487024546
5,0.25,4,0.0601,1743.3685,0.9923,0.0998,0.0511,0.056,0.056,0.0965,0.004299999999999998,0.0558,0.061,0.061,0.052,0.484239578
6,0.25,4,0.0375,827.1765,0.9888,0.1154,0.0707,0.0335,0.0335,0.073,0.005999999999999998,0.0315,0.0381,0.0381,0.0313,0.490055561
0,0.25,5,0.0694,2750.5142,0.9964,0.0506,0.0178,0.0657,0.0657,0.1029,0.0,0.0694,0.0699,0.0699,0.0644,0.483423948
1,0.25,5,0.0701,2708.7713,0.9962,0.0543,0.0205,0.0661,0.0661,0.1068,9.999999999998899e-05,0.07,0.0709,0.0709,0.0635,0.487362146
2,0.25,5,0.0712,2638.006,0.9959,0.0633,0.0232,0.0671,0.0671,0.1085,0.0002999999999999947,0.0709,0.072,0.072,0.0645,0.481271744
3,0.25,5,0.0701,2519.6907,0.9953,0.0721,0.0291,0.066,0.066,0.1069,0.0010000000000000009,0.0691,0.0709,0.0709,0.063,0.482910156
4,0.25,5,0.0674,2258.9947,0.9943,0.0817,0.0369,0.0635,0.0635,0.1026,0.0022999999999999965,0.0651,0.0682,0.0682,0.0603,0.486192465
5,0.25,5,0.0596,1707.7761,0.9922,0.0995,0.0509,0.0556,0.0556,0.0962,0.004400000000000001,0.0552,0.0605,0.0605,0.0521,0.48344636
6,0.25,5,0.0373,823.1287,0.9888,0.1154,0.0707,0.0333,0.0333,0.073,0.005999999999999998,0.0313,0.038,0.038,0.0311,0.484266043
0,0.25,6,0.0695,2748.3174,0.9964,0.0504,0.0178,0.0658,0.0658,0.1032,0.0,0.0695,0.0701,0.0701,0.0647,0.48312521
1,0.25,6,0.0705,2703.7087,0.9962,0.0545,0.0208,0.0664,0.0664,0.1074,0.00019999999999999185,0.0703,0.0712,0.0712,0.0641,0.483942032
2,0.25,6,0.0713,2629.5176,0.9959,0.0643,0.0235,0.0672,0.0672,0.1087,0.0003999999999999976,0.0709,0.0721,0.0721,0.0645,0.492790222
3,0.25,6,0.0701,2501.1771,0.9953,0.0724,0.0293,0.066,0.066,0.1069,0.0010999999999999899,0.069,0.0709,0.0709,0.0628,0.483128786
4,0.25,6,0.0673,2231.5555,0.9943,0.0817,0.0372,0.0633,0.0633,0.1029,0.0025000000000000022,0.0648,0.0681,0.0681,0.0602,0.486494541
5,0.25,6,0.0596,1686.8174,0.9922,0.0995,0.0509,0.0554,0.0554,0.0967,0.0046,0.055,0.0604,0.0604,0.0521,0.483614922
6,0.25,6,0.0373,822.6257,0.9888,0.1154,0.0707,0.0333,0.0333,0.073,0.006100000000000001,0.0312,0.038,0.038,0.031,0.483276606
0,0.5,0,0.0703,2722.4528,0.9965,0.0506,0.0178,0.0667,0.0667,0.1026,0.0,0.0703,0.0711,0.0711,0.0628,0.449288607
1,0.5,0,0.0709,2701.0268,0.9964,0.0528,0.02,0.067,0.067,0.1052,0.00010000000000000286,0.0708,0.0718,0.0718,0.0627,0.451878309
2,0.5,0,0.0714,2667.6004,0.9962,0.0587,0.024,0.0674,0.0674,0.108,0.00010000000000000286,0.0713,0.0724,0.0724,0.0631,0.451561451
3,0.5,0,0.0712,2617.8333,0.9958,0.0714,0.0291,0.0671,0.0671,0.1079,0.0002999999999999947,0.0709,0.0723,0.0723,0.0613,0.451745987
4,0.5,0,0.0707,2494.2926,0.9951,0.0839,0.0372,0.0667,0.0667,0.1067,0.0010000000000000009,0.0697,0.0716,0.0716,0.0626,0.450483322
5,0.5,0,0.0651,2070.1198,0.9931,0.1012,0.0513,0.0615,0.0615,0.0977,0.002800000000000004,0.0623,0.066,0.066,0.057,0.449239969
6,0.5,0,0.0458,1173.085,0.9888,0.1156,0.0724,0.0425,0.0425,0.0751,0.005200000000000003,0.0406,0.0465,0.0465,0.0391,0.450417519
0,0.5,1,0.0702,2716.0868,0.9964,0.0509,0.0183,0.0665,0.0665,0.1037,0.0,0.0702,0.0711,0.0711,0.0627,0.449492216
1,0.5,1,0.0708,2693.6927,0.9963,0.0523,0.0203,0.0668,0.0668,0.1066,0.0,0.0708,0.0717,0.0717,0.0629,0.449318409
2,0.5,1,0.0713,2657.292,0.9961,0.0601,0.024,0.0671,0.0671,0.1088,0.00010000000000000286,0.0712,0.0722,0.0722,0.0633,0.450140715
3,0.5,1,0.0713,2603.5766,0.9957,0.0716,0.0293,0.0672,0.0672,0.1077,0.0003000000000000086,0.071,0.0723,0.0723,0.0623,0.45061779
4,0.5,1,0.0701,2466.1649,0.9949,0.0841,0.0377,0.0661,0.0661,0.1065,0.0010999999999999899,0.069,0.0711,0.0711,0.0615,0.451649904
5,0.5,1,0.0626,1984.5042,0.9929,0.102,0.0518,0.0589,0.0589,0.0967,0.0030000000000000027,0.0596,0.0635,0.0635,0.0551,0.451005697
6,0.5,1,0.0399,934.8066,0.9885,0.1166,0.0721,0.0365,0.0365,0.0709,0.005699999999999997,0.0342,0.0405,0.0405,0.0345,0.450249434
0,0.5,2,0.0703,2719.3216,0.9963,0.0506,0.0186,0.0666,0.0666,0.1034,0.0,0.0703,0.071,0.071,0.0637,0.449218512
1,0.5,2,0.071,2696.4487,0.9963,0.0526,0.0205,0.067,0.067,0.1064,0.0,0.071,0.0718,0.0718,0.0639,0.448538065
2,0.5,2,0.0714,2657.8748,0.9961,0.0592,0.024,0.0673,0.0673,0.1087,0.00010000000000000286,0.0713,0.0723,0.0723,0.064,0.447680235
3,0.5,2,0.0711,2603.9306,0.9957,0.0724,0.0281,0.067,0.067,0.1077,0.0003999999999999976,0.0707,0.072,0.072,0.0624,0.448336124
4,0.5,2,0.0693,2460.6344,0.9949,0.0826,0.0372,0.0653,0.0653,0.1056,0.0012000000000000066,0.0681,0.0703,0.0703,0.0599,0.450274944
5,0.5,2,0.0619,1953.1311,0.9928,0.1007,0.0521,0.0581,0.0581,0.0959,0.0032999999999999974,0.0586,0.0627,0.0627,0.0539,0.448703527
6,0.5,2,0.0392,905.5031,0.9885,0.1147,0.0719,0.0359,0.0359,0.0694,0.005699999999999997,0.0335,0.0399,0.0399,0.0334,0.449608803
0,0.5,3,0.0704,2720.8651,0.9963,0.0506,0.0178,0.0667,0.0667,0.1035,0.0,0.0704,0.0711,0.0711,0.0638,0.450781107
1,0.5,3,0.0707,2697.5227,0.9962,0.0523,0.0208,0.0668,0.0668,0.1062,0.0,0.0707,0.0715,0.0715,0.0633,0.450945616
2,0.5,3,0.0712,2658.8526,0.9961,0.0592,0.0235,0.067,0.067,0.1087,0.00020000000000000573,0.071,0.072,0.072,0.0633,0.449602365
3,0.5,3,0.0709,2602.9859,0.9957,0.0731,0.0279,0.0669,0.0669,0.1072,0.00040000000000001146,0.0705,0.0719,0.0719,0.0622,0.45880127
4,0.5,3,0.069,2451.021,0.9949,0.0831,0.0372,0.0649,0.0649,0.1053,0.0012000000000000066,0.0678,0.0701,0.0701,0.0594,0.449753523
5,0.5,3,0.0616,1939.8539,0.9928,0.1007,0.0523,0.0578,0.0578,0.0952,0.0033000000000000043,0.0583,0.0624,0.0624,0.0539,0.450114727
6,0.5,3,0.0392,904.3401,0.9885,0.1144,0.0724,0.0358,0.0358,0.0694,0.0058,0.0334,0.0398,0.0398,0.0333,0.45158267
0,0.5,4,0.0704,2720.89,0.9963,0.0506,0.0181,0.0667,0.0667,0.1039,0.0,0.0704,0.0712,0.0712,0.0636,0.452156782
1,0.5,4,0.071,2697.5955,0.9962,0.0526,0.0205,0.0671,0.0671,0.106,9.999999999998899e-05,0.0709,0.0718,0.0718,0.0634,0.452199936
2,0.5,4,0.0712,2658.5938,0.9961,0.0589,0.0235,0.0671,0.0671,0.108,0.00020000000000000573,0.071,0.0721,0.0721,0.0631,0.450978994
3,0.5,4,0.0709,2601.363,0.9957,0.0726,0.0284,0.0668,0.0668,0.1077,0.00040000000000001146,0.0705,0.0719,0.0719,0.0619,0.453775406
4,0.5,4,0.0688,2447.2222,0.9948,0.0826,0.0372,0.0648,0.0648,0.1048,0.0012000000000000066,0.0676,0.0699,0.0699,0.0593,0.45019412
5,0.5,4,0.0615,1939.426,0.9928,0.1007,0.0523,0.0578,0.0578,0.0953,0.0032000000000000015,0.0583,0.0624,0.0624,0.0539,0.450438738
6,0.5,4,0.0392,904.2551,0.9885,0.1147,0.0724,0.0358,0.0358,0.0694,0.0058,0.0334,0.0398,0.0398,0.0333,0.451411963
0,0.5,5,0.0705,2720.9735,0.9963,0.0506,0.0178,0.0668,0.0668,0.1038,0.0,0.0705,0.0713,0.0713,0.0639,0.451634407
1,0.5,5,0.0711,2697.6664,0.9962,0.0526,0.0205,0.0672,0.0672,0.1062,0.00010000000000000286,0.071,0.0719,0.0719,0.0634,0.453875065
2,0.5,5,0.0711,2658.6976,0.9961,0.0589,0.0235,0.0671,0.0671,0.108,0.00010000000000000286,0.071,0.0721,0.0721,0.063,0.451174498
3,0.5,5,0.0709,2601.3064,0.9957,0.0726,0.0284,0.0668,0.0668,0.1077,0.00040000000000001146,0.0705,0.0719,0.0719,0.062,0.45156312
4,0.5,5,0.0688,2447.1833,0.9948,0.0824,0.0372,0.0648,0.0648,0.1048,0.0012000000000000066,0.0676,0.0699,0.0699,0.0593,0.451631546
5,0.5,5,0.0615,1939.3825,0.9928,0.1005,0.0523,0.0578,0.0578,0.0953,0.0032000000000000015,0.0583,0.0624,0.0624,0.0539,0.450832129
6,0.5,5,0.0392,904.2492,0.9885,0.1147,0.0721,0.0358,0.0358,0.0694,0.0058,0.0334,0.0398,0.0398,0.0333,0.450461149
0,0.5,6,0.0705,2721.0607,0.9963,0.0506,0.0178,0.0668,0.0668,0.1038,0.0,0.0705,0.0712,0.0712,0.0638,0.451100349
1,0.5,6,0.0711,2697.7122,0.9962,0.0526,0.0205,0.0672,0.0672,0.1062,0.00010000000000000286,0.071,0.0719,0.0719,0.0633,0.451058388
2,0.5,6,0.0712,2658.7335,0.9961,0.0589,0.0235,0.0671,0.0671,0.108,0.00020000000000000573,0.071,0.0721,0.0721,0.063,0.450002193
3,0.5,6,0.0709,2601.3202,0.9957,0.0726,0.0284,0.0669,0.0669,0.1077,0.00040000000000001146,0.0705,0.0719,0.0719,0.062,0.450553656
4,0.5,6,0.0688,2447.1864,0.9948,0.0824,0.0372,0.0648,0.0648,0.1048,0.0012000000000000066,0.0676,0.0699,0.0699,0.0593,0.594728708
5,0.5,6,0.0615,1939.3845,0.9928,0.1005,0.0523,0.0578,0.0578,0.0953,0.0032000000000000015,0.0583,0.0624,0.0624,0.0539,0.451038361
6,0.5,6,0.0392,904.2492,0.9885,0.1147,0.0721,0.0358,0.0358,0.0694,0.0058,0.0334,0.0398,0.0398,0.0333,0.459753036
0,0.75,0,0.0703,2722.4528,0.9965,0.0506,0.0178,0.0667,0.0667,0.1026,0.0,0.0703,0.0711,0.0711,0.0628,0.423569679
1,0.75,0,0.0709,2705.8949,0.9964,0.0499,0.0191,0.067,0.067,0.1054,0.00010000000000000286,0.0708,0.0717,0.0717,0.0631,0.422614098
2,0.75,0,0.0717,2678.7335,0.9962,0.0513,0.0218,0.0675,0.0675,0.1094,0.00020000000000000573,0.0715,0.0726,0.0726,0.063,0.421599388
3,0.75,0,0.0721,2637.6301,0.9959,0.0594,0.0259,0.0678,0.0678,0.1106,0.0002999999999999947,0.0718,0.0732,0.0732,0.0622,0.422278404
4,0.75,0,0.0715,2495.1044,0.9952,0.0638,0.0296,0.0676,0.0676,0.107,0.0012999999999999956,0.0702,0.0725,0.0725,0.0622,0.421909094
5,0.75,0,0.0653,2039.1317,0.9933,0.0868,0.0403,0.062,0.062,0.0947,0.003499999999999996,0.0618,0.0661,0.0661,0.0581,0.422985315
6,0.75,0,0.0463,1383.6531,0.9908,0.1017,0.0587,0.0444,0.0444,0.0628,0.005700000000000004,0.0406,0.0469,0.0469,0.0408,0.422983408
0,0.75,1,0.0706,2715.6234,0.9964,0.0506,0.0186,0.0668,0.0668,0.1046,0.0,0.0706,0.0715,0.0715,0.0629,0.422025919
1,0.75,1,0.0713,2698.8403,0.9963,0.0496,0.0188,0.0673,0.0673,0.1078,0.0,0.0713,0.0722,0.0722,0.0633,0.422632456
2,0.75,1,0.0721,2670.1254,0.9962,0.0523,0.0222,0.0679,0.0679,0.1102,0.00010000000000000286,0.072,0.0731,0.0731,0.0632,0.423263073
3,0.75,1,0.0724,2627.6038,0.9959,0.0589,0.0257,0.0681,0.0681,0.1112,0.0003000000000000086,0.0721,0.0735,0.0735,0.0632,0.423047304
4,0.75,1,0.0715,2478.7563,0.9951,0.0643,0.0296,0.0676,0.0676,0.1072,0.0012999999999999956,0.0702,0.0724,0.0724,0.0634,0.422806263
5,0.75,1,0.0639,1984.5359,0.9932,0.0856,0.0408,0.0604,0.0604,0.0948,0.003799999999999998,0.0601,0.0647,0.0647,0.0567,0.426858902
6,0.75,1,0.0428,1229.8485,0.9908,0.1012,0.0592,0.0407,0.0407,0.062,0.0058999999999999955,0.0369,0.0433,0.0433,0.0389,0.423566341
0,0.75,2,0.0707,2717.6034,0.9964,0.0513,0.0186,0.0669,0.0669,0.1046,0.0,0.0707,0.0715,0.0715,0.0632,0.596356392
1,0.75,2,0.0713,2700.9951,0.9963,0.0504,0.0191,0.0673,0.0673,0.1076,0.0,0.0713,0.0722,0.0722,0.0634,0.559218168
2,0.75,2,0.072,2671.4168,0.9962,0.0518,0.0222,0.0678,0.0678,0.1102,9.999999999998899e-05,0.0719,0.073,0.073,0.0636,0.605484724
3,0.75,2,0.0726,2628.9835,0.9959,0.0589,0.0257,0.0683,0.0683,0.1114,0.0003999999999999976,0.0722,0.0737,0.0737,0.0631,0.763270378
4,0.75,2,0.0712,2480.3481,0.9951,0.0645,0.0291,0.0672,0.0672,0.1071,0.0012999999999999956,0.0699,0.0721,0.0721,0.0631,0.746437788
5,0.75,2,0.0634,1981.8316,0.9932,0.0853,0.0408,0.0599,0.0599,0.0948,0.003799999999999998,0.0596,0.0642,0.0642,0.0565,0.423195839
6,0.75,2,0.0425,1210.7197,0.9908,0.101,0.0584,0.0403,0.0403,0.062,0.006000000000000005,0.0365,0.043,0.043,0.0382,1.051093578
0,0.75,3,0.0707,2718.2126,0.9964,0.0513,0.0183,0.0669,0.0669,0.1046,0.0,0.0707,0.0715,0.0715,0.0634,0.699738979
1,0.75,3,0.0713,2701.6647,0.9963,0.0506,0.0191,0.0672,0.0672,0.1076,0.00010000000000000286,0.0712,0.0721,0.0721,0.0637,0.75788188
2,0.75,3,0.0722,2671.9537,0.9962,0.0521,0.022,0.068,0.068,0.1102,0.00010000000000000286,0.0721,0.0731,0.0731,0.0639,0.709557772
3,0.75,3,0.0725,2629.7904,0.9959,0.0587,0.0254,0.0682,0.0682,0.1114,0.0002999999999999947,0.0722,0.0736,0.0736,0.063,1.18448782
4,0.75,3,0.0712,2480.7524,0.9951,0.0655,0.0293,0.0672,0.0672,0.1071,0.0013999999999999985,0.0698,0.0721,0.0721,0.0629,0.530700684
5,0.75,3,0.0634,1982.0145,0.9932,0.0853,0.0408,0.0599,0.0599,0.0948,0.003799999999999998,0.0596,0.0642,0.0642,0.0564,0.573760271
6,0.75,3,0.0424,1210.1536,0.9908,0.101,0.0579,0.0403,0.0403,0.062,0.0059000000000000025,0.0365,0.0429,0.0429,0.0381,0.423321009
0,0.75,4,0.0707,2718.5897,0.9964,0.0513,0.0183,0.067,0.067,0.1046,0.0,0.0707,0.0715,0.0715,0.0634,0.424533367
1,0.75,4,0.0713,2702.029,0.9963,0.0509,0.0191,0.0673,0.0673,0.1076,0.0,0.0713,0.0722,0.0722,0.0637,0.423511267
2,0.75,4,0.0722,2672.4071,0.9962,0.0521,0.022,0.068,0.068,0.1102,0.00010000000000000286,0.0721,0.0731,0.0731,0.0639,0.425313473
3,0.75,4,0.0725,2630.1844,0.9959,0.0587,0.0254,0.0682,0.0682,0.1114,0.0002999999999999947,0.0722,0.0736,0.0736,0.063,0.423505783
4,0.75,4,0.0712,2481.0074,0.9951,0.0655,0.0293,0.0672,0.0672,0.1071,0.0013999999999999985,0.0698,0.0721,0.0721,0.0629,0.423340321
5,0.75,4,0.0634,1982.1043,0.9933,0.0853,0.0406,0.0599,0.0599,0.0948,0.003799999999999998,0.0596,0.0642,0.0642,0.0564,0.421903849
6,0.75,4,0.0424,1210.0792,0.9908,0.101,0.0579,0.0403,0.0403,0.062,0.0059000000000000025,0.0365,0.0429,0.0429,0.0381,0.421930552
0,0.75,5,0.0707,2718.6923,0.9964,0.0513,0.0183,0.067,0.067,0.1046,0.0,0.0707,0.0715,0.0715,0.0633,0.421814203
1,0.75,5,0.0713,2702.0688,0.9963,0.0509,0.0191,0.0673,0.0673,0.1076,0.0,0.0713,0.0722,0.0722,0.0639,0.423289061
2,0.75,5,0.0722,2672.5185,0.9962,0.0521,0.022,0.068,0.068,0.1102,0.00010000000000000286,0.0721,0.0731,0.0731,0.064,0.422525406
3,0.75,5,0.0725,2630.2555,0.9959,0.0587,0.0254,0.0682,0.0682,0.1114,0.0002999999999999947,0.0722,0.0736,0.0736,0.063,0.422827005
4,0.75,5,0.0712,2481.0862,0.9951,0.0655,0.0293,0.0672,0.0672,0.1071,0.0013999999999999985,0.0698,0.0721,0.0721,0.0629,0.421791553
5,0.75,5,0.0634,1982.1118,0.9933,0.0853,0.0406,0.0599,0.0599,0.0948,0.003799999999999998,0.0596,0.0642,0.0642,0.0564,0.422630787
6,0.75,5,0.0424,1210.0768,0.9908,0.101,0.0579,0.0403,0.0403,0.062,0.0059000000000000025,0.0365,0.0429,0.0429,0.0381,0.422894478
0,0.75,6,0.0707,2718.7281,0.9964,0.0513,0.0183,0.067,0.067,0.1046,0.0,0.0707,0.0715,0.0715,0.0633,0.423079491
1,0.75,6,0.0713,2702.0655,0.9963,0.0509,0.0191,0.0673,0.0673,0.1076,0.0,0.0713,0.0722,0.0722,0.0639,0.423320055
2,0.75,6,0.0722,2672.5274,0.9962,0.0521,0.022,0.068,0.068,0.1102,0.00010000000000000286,0.0721,0.0731,0.0731,0.064,0.424433708
3,0.75,6,0.0725,2630.2787,0.9959,0.0587,0.0254,0.0682,0.0682,0.1114,0.0002999999999999947,0.0722,0.0736,0.0736,0.063,0.422701597
4,0.75,6,0.0712,2481.0906,0.9951,0.0655,0.0293,0.0672,0.0672,0.1071,0.0013999999999999985,0.0698,0.0721,0.0721,0.0629,0.426339626
5,0.75,6,0.0634,1982.1118,0.9933,0.0853,0.0406,0.0599,0.0599,0.0948,0.003799999999999998,0.0596,0.0642,0.0642,0.0564,0.426012278
6,0.75,6,0.0424,1210.0768,0.9908,0.101,0.0579,0.0403,0.0403,0.062,0.0059000000000000025,0.0365,0.0429,0.0429,0.0381,0.423349857
0,1.0,0,0.0703,2722.4528,0.9965,0.0506,0.0178,0.0667,0.0667,0.1026,0.0,0.0703,0.0711,0.0711,0.0628,0.401509285
1,1.0,0,0.07,2720.9425,0.9964,0.0501,0.0186,0.0663,0.0663,0.1027,0.0,0.07,0.0708,0.0708,0.0627,0.401067019
2,1.0,0,0.0698,2714.0706,0.9963,0.0496,0.0222,0.0663,0.0663,0.1014,0.0,0.0698,0.0706,0.0706,0.0623,0.400771856
3,1.0,0,0.0698,2693.7197,0.9961,0.0619,0.0252,0.0661,0.0661,0.1022,0.00020000000000000573,0.0696,0.0706,0.0706,0.0619,0.398983717
4,1.0,0,0.0695,2595.9978,0.9955,0.0707,0.0291,0.066,0.066,0.1014,0.000800000000000009,0.0687,0.0703,0.0703,0.0625,0.400819063
5,1.0,0,0.0633,2245.6352,0.9935,0.0941,0.0455,0.0603,0.0603,0.0897,0.002799999999999997,0.0605,0.0638,0.0638,0.058,0.400096178
6,1.0,0,0.04,1485.7491,0.9901,0.1142,0.0623,0.0395,0.0395,0.0447,0.004400000000000001,0.0356,0.0403,0.0403,0.038,0.400989532
0,1.0,1,0.0703,2717.099,0.9964,0.0501,0.0181,0.0666,0.0666,0.1042,0.0,0.0703,0.0713,0.0713,0.0617,0.40003252
1,1.0,1,0.0701,2715.642,0.9964,0.0501,0.0186,0.0663,0.0663,0.1043,0.0,0.0701,0.0711,0.0711,0.0617,0.402108192
2,1.0,1,0.07,2708.8328,0.9963,0.0491,0.0222,0.0663,0.0663,0.1034,0.0,0.07,0.071,0.071,0.0616,0.399716377
3,1.0,1,0.07,2689.2638,0.9961,0.0614,0.0249,0.0663,0.0663,0.1035,0.00010000000000000286,0.0699,0.0709,0.0709,0.0622,0.400887728
4,1.0,1,0.0696,2592.1945,0.9954,0.0704,0.0293,0.066,0.066,0.1018,0.0007999999999999952,0.0688,0.0704,0.0704,0.0623,0.399322033
5,1.0,1,0.0623,2231.3165,0.9934,0.0941,0.0462,0.0593,0.0593,0.089,0.002800000000000004,0.0595,0.0629,0.0629,0.0562,0.400027514
6,1.0,1,0.0382,1399.3937,0.99,0.1149,0.0614,0.0376,0.0376,0.044,0.004499999999999997,0.0337,0.0384,0.0384,0.0365,0.400159597
0,1.0,2,0.0703,2717.7934,0.9964,0.0501,0.0181,0.0666,0.0666,0.1042,0.0,0.0703,0.0713,0.0713,0.062,0.399464369
1,1.0,2,0.0701,2716.4032,0.9964,0.0504,0.0186,0.0663,0.0663,0.1041,0.0,0.0701,0.071,0.071,0.0621,0.400133848
2,1.0,2,0.0699,2709.0839,0.9963,0.0499,0.0222,0.0661,0.0661,0.1034,0.00010000000000000286,0.0698,0.0708,0.0708,0.0617,0.400085926
3,1.0,2,0.0698,2689.7446,0.9961,0.0611,0.0252,0.0661,0.0661,0.1035,0.00010000000000000286,0.0697,0.0707,0.0707,0.0622,0.398996115
4,1.0,2,0.0694,2593.144,0.9954,0.0702,0.0296,0.0658,0.0658,0.1018,0.000800000000000009,0.0686,0.0702,0.0702,0.0621,0.399517298
5,1.0,2,0.0621,2230.7508,0.9935,0.0944,0.046,0.0591,0.0591,0.089,0.002800000000000004,0.0593,0.0628,0.0628,0.0557,0.400823116
6,1.0,2,0.038,1391.6262,0.99,0.1142,0.0609,0.0373,0.0373,0.044,0.004499999999999997,0.0335,0.0382,0.0382,0.0363,0.402284145
0,1.0,3,0.0703,2718.1389,0.9964,0.0501,0.0181,0.0666,0.0666,0.1042,0.0,0.0703,0.0712,0.0712,0.062,0.400467873
1,1.0,3,0.0701,2716.8486,0.9964,0.0504,0.0186,0.0664,0.0664,0.1041,0.0,0.0701,0.071,0.071,0.0621,0.403122902
2,1.0,3,0.0699,2709.6235,0.9963,0.0499,0.0222,0.0661,0.0661,0.1034,0.00010000000000000286,0.0698,0.0708,0.0708,0.0616,0.40011692
3,1.0,3,0.0699,2690.0771,0.9961,0.0611,0.0252,0.0661,0.0661,0.1035,0.00010000000000000286,0.0698,0.0707,0.0707,0.0622,0.400474787
4,1.0,3,0.0694,2593.5979,0.9954,0.0699,0.0296,0.0658,0.0658,0.1018,0.000899999999999998,0.0685,0.0702,0.0702,0.0622,0.40017271
5,1.0,3,0.0621,2230.9744,0.9935,0.0944,0.046,0.0591,0.0591,0.089,0.002700000000000001,0.0594,0.0628,0.0628,0.0557,0.399165392
6,1.0,3,0.038,1391.1867,0.99,0.1142,0.0609,0.0373,0.0373,0.044,0.004499999999999997,0.0335,0.0382,0.0382,0.0361,0.400507212
0,1.0,4,0.0703,2718.3986,0.9964,0.0501,0.0181,0.0666,0.0666,0.1042,0.0,0.0703,0.0713,0.0713,0.062,0.399352551
1,1.0,4,0.0702,2717.0793,0.9964,0.0504,0.0186,0.0664,0.0664,0.1041,0.0,0.0702,0.0711,0.0711,0.0621,0.400217056
2,1.0,4,0.0699,2709.8502,0.9963,0.0499,0.0222,0.0661,0.0661,0.1034,0.00010000000000000286,0.0698,0.0708,0.0708,0.0616,0.400288105
3,1.0,4,0.0699,2690.5163,0.9961,0.0611,0.0252,0.0661,0.0661,0.1035,0.00010000000000000286,0.0698,0.0707,0.0707,0.0622,0.400006533
4,1.0,4,0.0694,2594.1251,0.9954,0.0702,0.0296,0.0658,0.0658,0.1018,0.000800000000000009,0.0686,0.0702,0.0702,0.0622,0.399302959
5,1.0,4,0.0621,2231.0887,0.9935,0.0944,0.046,0.0591,0.0591,0.089,0.002700000000000001,0.0594,0.0628,0.0628,0.0557,0.400669575
6,1.0,4,0.038,1391.1547,0.99,0.1142,0.0609,0.0373,0.0373,0.044,0.004499999999999997,0.0335,0.0382,0.0382,0.0361,0.401011467
0,1.0,5,0.0703,2718.4378,0.9964,0.0501,0.0181,0.0666,0.0666,0.1042,0.0,0.0703,0.0713,0.0713,0.062,0.399219036
1,1.0,5,0.0702,2717.1097,0.9964,0.0504,0.0186,0.0664,0.0664,0.1041,0.0,0.0702,0.0711,0.0711,0.0621,0.399976492
2,1.0,5,0.0699,2709.8723,0.9963,0.0499,0.0222,0.0661,0.0661,0.1034,0.00010000000000000286,0.0698,0.0708,0.0708,0.0616,0.400785923
3,1.0,5,0.0699,2690.6119,0.9961,0.0611,0.0252,0.0661,0.0661,0.1035,0.00010000000000000286,0.0698,0.0707,0.0707,0.0622,0.40063858
4,1.0,5,0.0694,2594.1802,0.9954,0.0702,0.0296,0.0658,0.0658,0.1018,0.000800000000000009,0.0686,0.0702,0.0702,0.0622,0.39986515
5,1.0,5,0.0621,2231.0887,0.9935,0.0944,0.046,0.0591,0.0591,0.089,0.002700000000000001,0.0594,0.0628,0.0628,0.0557,0.3992908
6,1.0,5,0.038,1391.1547,0.99,0.1142,0.0609,0.0373,0.0373,0.044,0.004499999999999997,0.0335,0.0382,0.0382,0.0361,0.399556637
0,1.0,6,0.0703,2718.4244,0.9964,0.0501,0.0181,0.0666,0.0666,0.1042,0.0,0.0703,0.0713,0.0713,0.062,0.401235342
1,1.0,6,0.0702,2717.1001,0.9964,0.0506,0.0186,0.0664,0.0664,0.1041,0.0,0.0702,0.0711,0.0711,0.0621,0.399304152
2,1.0,6,0.0699,2709.8722,0.9963,0.0499,0.0222,0.0661,0.0661,0.1034,0.00010000000000000286,0.0698,0.0708,0.0708,0.0616,0.399830341
3,1.0,6,0.0699,2690.6067,0.9961,0.0611,0.0252,0.0661,0.0661,0.1035,0.00010000000000000286,0.0698,0.0707,0.0707,0.0622,0.399862051
4,1.0,6,0.0694,2594.1802,0.9954,0.0702,0.0296,0.0658,0.0658,0.1018,0.000800000000000009,0.0686,0.0702,0.0702,0.0622,0.400863409
5,1.0,6,0.0621,2231.0887,0.9935,0.0944,0.046,0.0591,0.0591,0.089,0.002700000000000001,0.0594,0.0628,0.0628,0.0557,0.399793148
6,1.0,6,0.038,1391.1547,0.99,0.1142,0.0609,0.0373,0.0373,0.044,0.004499999999999997,0.0335,0.0382,0.0382,0.0361,0.401259899
