neuron,mean,sd
0,-0.042203452438116074,0.017376529052853584
1,-0.05325307324528694,0.019864147529006004
2,-0.06456347554922104,0.022643456235527992
3,-0.1623060554265976,0.061328016221523285
4,-0.12936903536319733,0.07527775317430496
5,-0.06307084113359451,0.018988441675901413
6,-0.0507039837539196,0.017535528168082237
7,-0.04813278093934059,0.017912620678544044
8,-0.0641569048166275,0.019166303798556328
9,-0.04906217008829117,0.019225604832172394
10,-0.039035845547914505,0.018697045743465424
11,-0.14263740181922913,0.07235895097255707
12,-0.14203645288944244,0.06727738678455353
13,-0.06559967994689941,0.02638978883624077
14,-0.1359948366880417,0.056200478225946426
15,-0.04136380925774574,0.018664352595806122
16,-0.12542441487312317,0.053172413259744644
17,-0.0579497255384922,0.020520875230431557
18,-0.07643251866102219,0.048135701566934586
19,-0.07344160974025726,0.02288253977894783
20,-0.03847517818212509,0.019132232293486595
21,-0.1418289691209793,0.07151997089385986
22,-0.23587995767593384,0.08507101982831955
23,-0.14846760034561157,0.04737846553325653
24,-0.17843826115131378,0.06540816277265549
25,-0.06667102128267288,0.020713824778795242
26,-0.07280535995960236,0.022532869130373
27,-0.11094652116298676,0.048926446586847305
28,-0.08083197474479675,0.024647001177072525
29,-0.17522715032100677,0.055076323449611664
30,-0.12317173928022385,0.053361788392066956
31,-0.15559172630310059,0.06785432249307632
32,-0.17130157351493835,0.08806072920560837
33,-0.13183730840682983,0.06475786119699478
34,-0.107049860060215,0.051370322704315186
35,-0.059638552367687225,0.019920310005545616
36,-0.13628828525543213,0.06818737834692001
37,-0.05978281795978546,0.02100704051554203
38,-0.28024864196777344,0.08260805904865265
39,-0.05223650485277176,0.01671518012881279
40,-0.07324077934026718,0.01964147761464119
41,-0.054251302033662796,0.01762271858751774
42,-0.04912256821990013,0.019002780318260193
43,-0.04438813775777817,0.018082913011312485
44,-0.07038909196853638,0.020444853231310844
45,-0.06478797644376755,0.019373858347535133
46,-0.10296328365802765,0.06325139850378036
47,-0.04815351963043213,0.017457613721489906
48,-0.04841209203004837,0.019749915227293968
49,-0.04805169999599457,0.020177265629172325
50,-0.23991043865680695,0.051256630569696426
51,-0.04200609400868416,0.016234176233410835
52,-0.11521095782518387,0.07205446064472198
53,-0.10869808495044708,0.057827938348054886
54,-0.03479328379034996,0.013822264038026333
55,-0.05375473573803902,0.019359411671757698
56,-0.12921541929244995,0.0709792748093605
57,-0.05007477104663849,0.017292916774749756
58,-0.045477475970983505,0.01770109497010708
59,-0.20389437675476074,0.062076136469841
60,-0.14231841266155243,0.07052747905254364
61,-0.05856797471642494,0.01943235471844673
62,-0.04341540113091469,0.018842803314328194
63,-0.18038517236709595,0.0711667463183403
64,-0.14972777664661407,0.0749700516462326
65,-0.15683461725711823,0.07864145934581757
66,-0.22330251336097717,0.05540073662996292
67,-0.047288551926612854,0.018219562247395515
68,-0.05264674872159958,0.016611171886324883
69,-0.11991378664970398,0.07523325830698013
70,-0.15096358954906464,0.07701694965362549
71,-0.14073143899440765,0.07726304233074188
72,-0.055755287408828735,0.021175652742385864
73,-0.04819795489311218,0.01964452490210533
74,-0.1701156049966812,0.060880910605192184
75,-0.17146575450897217,0.06422636657953262
76,-0.05489619821310043,0.01719748042523861
77,-0.17015592753887177,0.07696013897657394
78,-0.051566243171691895,0.018647680059075356
79,-0.04207625612616539,0.02572067640721798
80,-0.11796439439058304,0.07636665552854538
81,-0.06748535484075546,0.01942424662411213
82,-0.05825329199433327,0.02160140685737133
83,-0.14926114678382874,0.05739665776491165
84,-0.040952011942863464,0.01861170120537281
85,-0.05549437925219536,0.018339766189455986
86,-0.1190226674079895,0.06469191610813141
87,-0.049429234117269516,0.018345503136515617
88,-0.15715055167675018,0.08568794280290604
89,-0.10028573870658875,0.04720136895775795
90,-0.040474265813827515,0.01538850087672472
91,-0.04986380413174629,0.0200048815459013
92,-0.15270327031612396,0.09920835494995117
93,-0.05924341827630997,0.022874480113387108
94,-0.04385238140821457,0.017681492492556572
95,-0.05615651607513428,0.0216513704508543
96,-0.04990997165441513,0.016802649945020676
97,-0.05901496857404709,0.02093089371919632
98,-0.05674450099468231,0.019465385004878044
99,-0.05912008881568909,0.022130919620394707
100,-0.04639391973614693,0.01735088787972927
101,-0.12010417878627777,0.06436999142169952
102,-0.20497335493564606,0.05764377862215042
103,-0.18340599536895752,0.05321759730577469
104,-0.1890869289636612,0.07272442430257797
105,-0.05162965506315231,0.01675424724817276
106,-0.16183629631996155,0.05820092186331749
107,-0.09872546046972275,0.046693943440914154
108,-0.1401582956314087,0.07635007053613663
109,-0.09012193977832794,0.04858142137527466
110,-0.04996450990438461,0.018783461302518845
111,-0.051035281270742416,0.01966976933181286
112,-0.051753297448158264,0.018739065155386925
113,-0.04933856055140495,0.01978301629424095
114,-0.05992528051137924,0.019057059660553932
115,-0.051300302147865295,0.020808467641472816
116,-0.12013096362352371,0.06427165120840073
117,-0.15781377255916595,0.07111777365207672
118,-0.05102501064538956,0.019714228808879852
119,-0.045825500041246414,0.0168027114123106
120,-0.04818316176533699,0.016025062650442123
121,-0.0510210320353508,0.021535523235797882
122,-0.058654915541410446,0.018454672768712044
123,-0.05745259299874306,0.020121591165661812
124,-0.07571344077587128,0.022718079388141632
125,-0.19370977580547333,0.06839460879564285
126,-0.15560734272003174,0.07373984158039093
127,-0.05609403923153877,0.02037055976688862
128,-0.10651452839374542,0.050637125968933105
129,-0.0628778338432312,0.03543705865740776
130,-0.17089346051216125,0.08112501353025436
131,-0.1386205106973648,0.07333825528621674
132,-0.04902029037475586,0.01819666288793087
133,-0.14423228800296783,0.039634719491004944
134,-0.04910775274038315,0.018192440271377563
135,-0.13710519671440125,0.07297100871801376
136,-0.11286178231239319,0.059896089136600494
137,-0.048449259251356125,0.016407929360866547
138,-0.05336331948637962,0.020250672474503517
139,-0.05101129040122032,0.018233180046081543
140,-0.18781758844852448,0.07672254741191864
141,-0.0916026160120964,0.06439901888370514
142,-0.1209377571940422,0.05957736447453499
143,-0.16291764378547668,0.07984498888254166
144,-0.048516031354665756,0.015186259523034096
145,-0.16349858045578003,0.050210047513246536
146,-0.05356202647089958,0.01999390684068203
147,-0.32374894618988037,0.09471701085567474
148,-0.06259200721979141,0.022645151242613792
149,-0.04809994250535965,0.017395222559571266
150,-0.13601279258728027,0.08109050244092941
151,-0.04380117729306221,0.019517432898283005
152,-0.04697804152965546,0.017518077045679092
153,-0.04184164106845856,0.020160160958766937
154,-0.04361315444111824,0.016426442191004753
155,-0.12143917381763458,0.0738457590341568
156,-0.15043778717517853,0.07460913807153702
157,-0.14674818515777588,0.062088605016469955
158,-0.06830507516860962,0.020613349974155426
159,-0.06559433043003082,0.0257659200578928
160,-0.06960379332304001,0.019510995596647263
161,-0.12145958095788956,0.07763700187206268
162,-0.04831468686461449,0.02095434069633484
163,-0.049421653151512146,0.01804107055068016
164,-0.03645452857017517,0.015072339214384556
165,-0.05855478346347809,0.0192733034491539
166,-0.1261347234249115,0.06033088266849518
167,-0.05008378252387047,0.021084090694785118
168,-0.04748670756816864,0.016650820150971413
169,-0.0464528389275074,0.021821726113557816
170,-0.1365668773651123,0.053833991289138794
171,-0.1557357758283615,0.06736847758293152
172,-0.1895834505558014,0.07516550272703171
173,-0.09834025800228119,0.05960406735539436
174,-0.06861653178930283,0.02151753567159176
175,-0.10434462130069733,0.05107799917459488
176,-0.06961115449666977,0.02427360787987709
177,-0.236404687166214,0.07228713482618332
178,-0.1572931408882141,0.058699801564216614
179,-0.13017898797988892,0.07353188097476959
180,-0.05902721732854843,0.01821339689195156
181,-0.07382071018218994,0.04682043194770813
182,-0.03544572740793228,0.016134491190314293
183,-0.26414015889167786,0.07379492372274399
184,-0.05506553128361702,0.018780838698148727
185,-0.15314669907093048,0.06751057505607605
186,-0.12634935975074768,0.08014609664678574
187,-0.13234715163707733,0.07964255660772324
188,-0.15892137587070465,0.0762430801987648
189,-0.06007596105337143,0.020477203652262688
190,-0.12265190482139587,0.0814821869134903
191,-0.11349266767501831,0.06495116651058197
192,-0.09887406975030899,0.04124657064676285
193,-0.05029190704226494,0.018523791804909706
194,-0.13979937136173248,0.06671322882175446
195,-0.3260006308555603,0.07837894558906555
196,-0.13474750518798828,0.05906279757618904
197,-0.21404258906841278,0.0793510153889656
198,-0.11224254965782166,0.06183583661913872
199,-0.05850850045681,0.016747549176216125
200,-0.09122256934642792,0.04348871484398842
201,-0.055778928101062775,0.019429093226790428
202,-0.05737387016415596,0.020066536962985992
203,-0.16688737273216248,0.07066124677658081
204,-0.12068676203489304,0.07894626259803772
205,-0.1264316737651825,0.06434173136949539
206,-0.0636114701628685,0.01580077037215233
207,-0.22807356715202332,0.061642490327358246
208,-0.04236072301864624,0.017015524208545685
209,-0.048676829785108566,0.021676551550626755
210,-0.1996953785419464,0.07509119808673859
211,-0.06967216730117798,0.01911235973238945
212,-0.0617777444422245,0.04409225657582283
213,-0.0561332069337368,0.023601332679390907
214,-0.04949476942420006,0.01714135892689228
215,-0.05118538811802864,0.021669190376996994
216,-0.04907923564314842,0.020277926698327065
217,-0.04485734924674034,0.01536631304770708
218,-0.07553625106811523,0.022877715528011322
219,-0.06379127502441406,0.020481260493397713
220,-0.15301331877708435,0.05002953112125397
221,-0.045833926647901535,0.014774996787309647
222,-0.2801961898803711,0.07045847177505493
223,-0.058934517204761505,0.025231458246707916
224,-0.13750691711902618,0.061356302350759506
225,-0.0461522713303566,0.01970796287059784
226,-0.049109138548374176,0.018036330118775368
227,-0.060694772750139236,0.024788714945316315
228,-0.16027794778347015,0.0852077305316925
229,-0.22169129550457,0.05990860238671303
230,-0.14103738963603973,0.09384835511445999
231,-0.05429837852716446,0.02053755521774292
232,-0.04368405416607857,0.019149405881762505
233,-0.10669268667697906,0.06510662287473679
234,-0.13335931301116943,0.07969873398542404
235,-0.055658549070358276,0.017511028796434402
236,-0.1087934598326683,0.05684087425470352
237,-0.050602350383996964,0.018682390451431274
238,-0.06754471361637115,0.02167665585875511
239,-0.14988665282726288,0.0715055987238884
240,-0.138080894947052,0.07548143714666367
241,-0.051564060151576996,0.02208622545003891
242,-0.1698889583349228,0.06378636509180069
243,-0.0458984449505806,0.019149521365761757
244,-0.18610002100467682,0.08258494734764099
245,-0.06479276716709137,0.020075296983122826
246,-0.06098625436425209,0.017925510182976723
247,-0.05405505374073982,0.02100793644785881
248,-0.042389120906591415,0.021216506138443947
249,-0.1843651980161667,0.07710949331521988
250,-0.06227758154273033,0.023056909441947937
251,-0.046052832156419754,0.0175668653100729
252,-0.12597668170928955,0.06553155928850174
253,-0.04755019396543503,0.018959270790219307
254,-0.06685814261436462,0.022348660975694656
255,-0.16879627108573914,0.0778183713555336
256,-0.046299923211336136,0.014209933578968048
257,-0.03473784402012825,0.018289241939783096
258,-0.20266036689281464,0.06819727271795273
259,-0.1319120228290558,0.04703325033187866
260,-0.10713070631027222,0.05992569774389267
261,-0.1241108775138855,0.06770699471235275
262,-0.05548752471804619,0.018752720206975937
263,-0.13118724524974823,0.05348479747772217
264,-0.045771826058626175,0.01731891930103302
265,-0.2033177614212036,0.070777527987957
266,-0.18024076521396637,0.08329658210277557
267,-0.11202232539653778,0.053514428436756134
268,-0.11950000375509262,0.0731702446937561
269,-0.055539317429065704,0.0226020198315382
270,-0.060107436031103134,0.021057110279798508
271,-0.05638471245765686,0.02312936633825302
272,-0.04890510439872742,0.019428107887506485
273,-0.0981062725186348,0.049626078456640244
274,-0.05205926671624184,0.018025817349553108
275,-0.05912281945347786,0.016245726495981216
276,-0.1612447053194046,0.08604591339826584
277,-0.060771774500608444,0.01722172647714615
278,-0.14376388490200043,0.05274788290262222
279,-0.04439409449696541,0.01862810179591179
280,-0.04767100512981415,0.01846369355916977
281,-0.11731784045696259,0.0609273687005043
282,-0.05186125636100769,0.019404839724302292
283,-0.08864738047122955,0.04481320455670357
284,-0.07864034920930862,0.02270488627254963
285,-0.05775516852736473,0.021796483546495438
286,-0.1449497640132904,0.07774800807237625
287,-0.07120657712221146,0.02628885582089424
288,-0.046423252671957016,0.01875271275639534
289,-0.05026344954967499,0.0174286887049675
290,-0.05190879479050636,0.022669972851872444
291,-0.13420456647872925,0.06804506480693817
292,-0.17925727367401123,0.06444137543439865
293,-0.053907349705696106,0.016841838136315346
294,-0.10035078972578049,0.04489269107580185
295,-0.04511367529630661,0.02079067751765251
296,-0.06423626095056534,0.01799413189291954
297,-0.12081851065158844,0.06365208327770233
298,-0.11713963747024536,0.06344471871852875
299,-0.19070753455162048,0.0775519609451294
300,-0.25647732615470886,0.08453544974327087
301,-0.07233447581529617,0.019592007622122765
302,-0.1163935512304306,0.05788179486989975
303,-0.1347191333770752,0.08312824368476868
304,-0.20325352251529694,0.073025181889534
305,-0.13112933933734894,0.05909520015120506
306,-0.17243851721286774,0.07549169659614563
307,-0.058111246675252914,0.021409356966614723
308,-0.059984657913446426,0.02309190295636654
309,-0.04980168491601944,0.020988663658499718
310,-0.13110077381134033,0.07178548723459244
311,-0.2572418749332428,0.06406236439943314
312,-0.20461924374103546,0.0604889951646328
313,-0.07176227867603302,0.08211876451969147
314,-0.11701400578022003,0.07117611914873123
315,-0.04655136168003082,0.017344390973448753
316,-0.07157600671052933,0.021248789504170418
317,-0.12871544063091278,0.08426620811223984
318,-0.05161713808774948,0.02018030360341072
319,-0.13237282633781433,0.06514222174882889
320,-0.0488525927066803,0.021155212074518204
321,-0.055941347032785416,0.01672404445707798
322,-0.17458683252334595,0.09803891181945801
323,-0.2631461024284363,0.06211884692311287
324,-0.045343950390815735,0.021553458645939827
325,-0.04584808275103569,0.01891576498746872
326,-0.1932777464389801,0.04353366047143936
327,-0.0862271785736084,0.040822986513376236
328,-0.07699109613895416,0.023101473227143288
329,-0.13108670711517334,0.0565505176782608
330,-0.04729248955845833,0.01842307485640049
331,-0.045886218547821045,0.02186901681125164
332,-0.06660965085029602,0.021751005202531815
333,-0.1837674230337143,0.06482689827680588
334,-0.33937782049179077,0.0852307453751564
335,-0.13939908146858215,0.07038400322198868
336,-0.09723120182752609,0.0642223060131073
337,-0.044287461787462234,0.01527161244302988
338,-0.06043294444680214,0.021069258451461792
339,-0.10508362948894501,0.06034044921398163
340,-0.05577688291668892,0.01759801246225834
341,-0.060486435890197754,0.018425147980451584
342,-0.049924157559871674,0.019171202555298805
343,-0.07023217529058456,0.024302255362272263
344,-0.1367119997739792,0.08704545348882675
345,-0.167964905500412,0.06506259739398956
346,-0.04559957608580589,0.01644003391265869
347,-0.1327134221792221,0.07557237148284912
348,-0.1726587861776352,0.07405859231948853
349,-0.1302298605442047,0.07393953204154968
350,-0.05661015585064888,0.01944785937666893
351,-0.14289945363998413,0.06226445734500885
352,-0.045280929654836655,0.020869318395853043
353,-0.07329493761062622,0.023764245212078094
354,-0.12217766046524048,0.06789900362491608
355,-0.13872671127319336,0.05228428170084953
356,-0.050720855593681335,0.019573424011468887
357,-0.05641772970557213,0.020586909726262093
358,-0.04698852449655533,0.017313960939645767
359,-0.06464807689189911,0.023114144802093506
360,-0.13514335453510284,0.06755900382995605
361,-0.053913284093141556,0.0204918310046196
362,-0.13340410590171814,0.060402289032936096
363,-0.08830543607473373,0.027435755357146263
364,-0.1970275640487671,0.07503865659236908
365,-0.054366953670978546,0.023001890629529953
366,-0.058658163994550705,0.02457129769027233
367,-0.035109441727399826,0.013633609749376774
368,-0.05478580296039581,0.021526459604501724
369,-0.049456920474767685,0.018518831580877304
370,-0.04987796023488045,0.020371561869978905
371,-0.10891999304294586,0.05334813892841339
372,-0.13317619264125824,0.06312323361635208
373,-0.06012168154120445,0.022012099623680115
374,-0.04294757544994354,0.018152834847569466
375,-0.06499730050563812,0.0216989703476429
376,-0.05503639951348305,0.017079133540391922
377,-0.045976754277944565,0.018629612401127815
378,-0.07017681002616882,0.041085511445999146
379,-0.16414707899093628,0.06976646184921265
380,-0.1409558653831482,0.05781961604952812
381,-0.17203719913959503,0.041601505130529404
382,-0.047025930136442184,0.02159341797232628
383,-0.05554923787713051,0.02756047621369362
384,-0.05102377384901047,0.019590560346841812
385,-0.15063530206680298,0.06187966838479042
386,-0.07554768770933151,0.022881094366312027
387,-0.2447502315044403,0.07042011618614197
388,-0.0568850003182888,0.018823381513357162
389,-0.05063064396381378,0.015535430982708931
390,-0.18186531960964203,0.0716150775551796
391,-0.19145534932613373,0.06081323325634003
392,-0.04672546684741974,0.01897330954670906
393,-0.05700475350022316,0.021079793572425842
394,-0.05833904817700386,0.02176005393266678
395,-0.103706955909729,0.053405702114105225
396,-0.16216224431991577,0.07472268491983414
397,-0.15687932074069977,0.07481102645397186
398,-0.05144381523132324,0.01680971495807171
399,-0.13910606503486633,0.07520190626382828
400,-0.046707890927791595,0.020267246291041374
401,-0.1642923504114151,0.07575538754463196
402,-0.1023445874452591,0.05858103185892105
403,-0.1205783486366272,0.08310984820127487
404,-0.05436188727617264,0.020219001919031143
405,-0.13164210319519043,0.06880973279476166
406,-0.26122626662254333,0.06830200552940369
407,-0.03506849706172943,0.017027495428919792
408,-0.05892830342054367,0.02191716991364956
409,-0.05428658053278923,0.018594583496451378
410,-0.19094711542129517,0.06483481079339981
411,-0.04420085996389389,0.018279122188687325
412,-0.05929261073470116,0.02005026862025261
413,-0.046546053141355515,0.016400985419750214
414,-0.15446719527244568,0.086688332259655
415,-0.2579120099544525,0.06081881374120712
416,-0.14781153202056885,0.05995815619826317
417,-0.046908218413591385,0.01762186735868454
418,-0.058414749801158905,0.017237495630979538
419,-0.043252136558294296,0.018367871642112732
420,-0.06182583048939705,0.02010313794016838
421,-0.12481746822595596,0.07107824087142944
422,-0.09508957713842392,0.06446124613285065
423,-0.1634547859430313,0.07747182995080948
424,-0.23198583722114563,0.07119346410036087
425,-0.1512007862329483,0.0633774846792221
426,-0.11151394248008728,0.06952665746212006
427,-0.06777673214673996,0.022396046668291092
428,-0.0619237944483757,0.02015351504087448
429,-0.12356022745370865,0.06935045123100281
430,-0.1600523591041565,0.06911858171224594
431,-0.05174436420202255,0.018684349954128265
432,-0.15285435318946838,0.07255394756793976
433,-0.1427033394575119,0.06925119459629059
434,-0.12278623133897781,0.07843271642923355
435,-0.15233923494815826,0.07474592328071594
436,-0.07443012297153473,0.04038573428988457
437,-0.04806292802095413,0.01889302209019661
438,-0.1682375967502594,0.06096220761537552
439,-0.050649531185626984,0.01982269249856472
440,-0.1118793785572052,0.05961902067065239
441,-0.09587866812944412,0.030760448426008224
442,-0.1223413497209549,0.08708234876394272
443,-0.05565013736486435,0.02266760915517807
444,-0.05101746320724487,0.015989964827895164
445,-0.1441251039505005,0.05548932030797005
446,-0.04640055447816849,0.01937933638691902
447,-0.25871333479881287,0.07282914966344833
448,-0.1218382939696312,0.06497066468000412
449,-0.07925225049257278,0.04862615466117859
450,-0.17935813963413239,0.07315422594547272
451,-0.1515973061323166,0.07020025700330734
452,-0.1167002022266388,0.059980228543281555
453,-0.13805809617042542,0.0810023844242096
454,-0.2536909878253937,0.08014577627182007
455,-0.11348586529493332,0.05967598780989647
456,-0.20204287767410278,0.06454028189182281
457,-0.09799156337976456,0.07330537587404251
458,-0.04747888073325157,0.01546522043645382
459,-0.060033511370420456,0.019926873967051506
460,-0.09768178313970566,0.03856722638010979
461,-0.21727795898914337,0.06854099780321121
462,-0.18846403062343597,0.07030196487903595
463,-0.11957442760467529,0.04681103676557541
464,-0.11031937599182129,0.059032123535871506
465,-0.12010239064693451,0.06483439356088638
466,-0.05364244803786278,0.020352810621261597
467,-0.21688973903656006,0.08929560333490372
468,-0.06265454739332199,0.020536158233880997
469,-0.05005466192960739,0.01999548263847828
470,-0.05807508900761604,0.022472957149147987
471,-0.13479503989219666,0.06103252246975899
472,-0.05616408959031105,0.0205780491232872
473,-0.1277747005224228,0.07623101025819778
474,-0.15109866857528687,0.07814394682645798
475,-0.117149218916893,0.06443296372890472
476,-0.05653061345219612,0.019891738891601562
477,-0.05939355120062828,0.018424464389681816
478,-0.055755820125341415,0.020900219678878784
479,-0.15604588389396667,0.06951555609703064
480,-0.16376353800296783,0.07592512667179108
481,-0.16253358125686646,0.09165900945663452
482,-0.1556805968284607,0.07444800436496735
483,-0.05731016770005226,0.01771135814487934
484,-0.1375361979007721,0.07228565961122513
485,-0.18037252128124237,0.04508321359753609
486,-0.11293936520814896,0.07094760239124298
487,-0.1917167603969574,0.08249369263648987
488,-0.11039146780967712,0.08507870137691498
489,-0.05727718770503998,0.024098386988043785
490,-0.11267615109682083,0.061665039509534836
491,-0.06153132766485214,0.01970028504729271
492,-0.11377029120922089,0.05698252096772194
493,-0.054687075316905975,0.02170952595770359
494,-0.05058393254876137,0.017442917451262474
495,-0.22091592848300934,0.06693875789642334
496,-0.053348880261182785,0.01945497654378414
497,-0.07133238017559052,0.019114317372441292
498,-0.06043679639697075,0.01913459040224552
499,-0.14699070155620575,0.061911243945360184
500,-0.06603162735700607,0.023772094398736954
501,-0.04164287820458412,0.023584196344017982
502,-0.04536745697259903,0.01564102992415428
503,-0.198502317070961,0.07258449494838715
504,-0.1697777658700943,0.0739721953868866
505,-0.058429230004549026,0.02263028174638748
506,-0.13264299929141998,0.06840454041957855
507,-0.16076184809207916,0.08062539994716644
508,-0.04766896739602089,0.02042451687157154
509,-0.0559999905526638,0.020635532215237617
510,-0.045027364045381546,0.016900384798645973
511,-0.040494177490472794,0.014189839363098145
512,-0.05328793451189995,0.033733855932950974
513,-0.045392706990242004,0.018429625779390335
514,-0.16536904871463776,0.08275379985570908
515,-0.13156037032604218,0.07146346569061279
516,-0.12074477970600128,0.06923412531614304
517,-0.053163159638643265,0.020027650520205498
518,-0.06088005751371384,0.02296016737818718
519,-0.2263275682926178,0.06420259177684784
520,-0.10593999177217484,0.03841162472963333
521,-0.13164393603801727,0.057737529277801514
522,-0.15790824592113495,0.051583677530288696
523,-0.06378079950809479,0.018737858161330223
524,-0.04639334976673126,0.01954689435660839
525,-0.059923768043518066,0.021877873688936234
526,-0.10974596440792084,0.05368417128920555
527,-0.1177106574177742,0.07284282892942429
528,-0.25180837512016296,0.05985884740948677
529,-0.06395956873893738,0.019600439816713333
530,-0.10827087610960007,0.057872094213962555
531,-0.13020548224449158,0.07446935772895813
532,-0.11745260655879974,0.0672379657626152
533,-0.1458861380815506,0.08245689421892166
534,-0.13287922739982605,0.05941326543688774
535,-0.04647118225693703,0.01976010762155056
536,-0.05077732726931572,0.020799322053790092
537,-0.13382019102573395,0.07442789524793625
538,-0.10826850682497025,0.07088400423526764
539,-0.056948862969875336,0.021351352334022522
540,-0.05161861702799797,0.0171830877661705
541,-0.05684543028473854,0.023292213678359985
542,-0.1928035169839859,0.07758496701717377
543,-0.10480466485023499,0.048576150089502335
544,-0.10818543285131454,0.07872067391872406
545,-0.12543100118637085,0.07719136774539948
546,-0.0500284768640995,0.018929818645119667
547,-0.12608231604099274,0.053562238812446594
548,-0.21884454786777496,0.06701021641492844
549,-0.1962047964334488,0.07620864361524582
550,-0.04305185750126839,0.0181165412068367
551,-0.07487893104553223,0.02131587080657482
552,-0.11884646862745285,0.06041954457759857
553,-0.12023229151964188,0.06970833241939545
554,-0.05231621488928795,0.020764075219631195
555,-0.06282301992177963,0.019655195996165276
556,-0.15738484263420105,0.08713213354349136
557,-0.14867167174816132,0.06376052647829056
558,-0.11504706740379333,0.0675760954618454
559,-0.08999354392290115,0.059798721224069595
560,-0.18538425862789154,0.08119620382785797
561,-0.04951169341802597,0.019811341539025307
562,-0.04704861342906952,0.018892502412199974
563,-0.1595579832792282,0.05647727847099304
564,-0.05928540974855423,0.020939819514751434
565,-0.049633391201496124,0.0215085931122303
566,-0.047436121851205826,0.016541332006454468
567,-0.04073476046323776,0.017865711823105812
568,-0.07390883564949036,0.020734354853630066
569,-0.09214997291564941,0.058578260242938995
570,-0.04744776338338852,0.020711490884423256
571,-0.06144854798913002,0.02332165092229843
572,-0.04791378602385521,0.0186398234218359
573,-0.06069376319646835,0.017655227333307266
574,-0.0914321318268776,0.07483887672424316
575,-0.1466710865497589,0.07214751094579697
576,-0.04909948259592056,0.01838531717658043
577,-0.11542333662509918,0.058768242597579956
578,-0.13331086933612823,0.06227341666817665
579,-0.1064915582537651,0.057459525763988495
580,-0.048103757202625275,0.019334692507982254
581,-0.05397408455610275,0.021896515041589737
582,-0.18950308859348297,0.05395766347646713
583,-0.0635734349489212,0.0203025434166193
584,-0.12069636583328247,0.0762348547577858
585,-0.07062385976314545,0.022820912301540375
586,-0.22042880952358246,0.0628819689154625
587,-0.17306892573833466,0.07181497663259506
588,-0.05811695009469986,0.01882999576628208
589,-0.12922367453575134,0.06892728060483932
590,-0.059307362884283066,0.016793906688690186
591,-0.1568012237548828,0.07327458262443542
592,-0.15749160945415497,0.07338603585958481
593,-0.05630138888955116,0.01849726028740406
594,-0.11395378410816193,0.06476932764053345
595,-0.23674455285072327,0.05042637884616852
596,-0.13705359399318695,0.05940753594040871
597,-0.09766826778650284,0.07087273895740509
598,-0.053653549402952194,0.017345106229186058
599,-0.07122902572154999,0.01877734810113907
600,-0.10003305971622467,0.0550457201898098
601,-0.11238378286361694,0.0765698105096817
602,-0.05721891298890114,0.0218655988574028
603,-0.11126814782619476,0.050750814378261566
604,-0.23044995963573456,0.050996627658605576
605,-0.05047672986984253,0.020045435056090355
606,-0.04654001072049141,0.01899096928536892
607,-0.16758868098258972,0.0748010128736496
608,-0.06181168556213379,0.02468549646437168
609,-0.06526464223861694,0.022859996184706688
610,-0.05423152074217796,0.022431299090385437
611,-0.05644121393561363,0.02471116930246353
612,-0.15220260620117188,0.052535586059093475
613,-0.10613765567541122,0.06869158893823624
614,-0.051191262900829315,0.023226900026202202
615,-0.18195249140262604,0.08782732486724854
616,-0.060978833585977554,0.0205218568444252
617,-0.04801851511001587,0.019482538104057312
618,-0.06703303754329681,0.022656584158539772
619,-0.11571002751588821,0.05738730728626251
620,-0.11749151349067688,0.06385268270969391
621,-0.05302974581718445,0.018579645082354546
622,-0.12476590275764465,0.08271195739507675
623,-0.14596138894557953,0.06934098154306412
624,-0.1498454064130783,0.0463254414498806
625,-0.09708614647388458,0.047245219349861145
626,-0.061274319887161255,0.021618643775582314
627,-0.04937617853283882,0.015664072707295418
628,-0.13431207835674286,0.07055490463972092
629,-0.057957060635089874,0.02244272641837597
630,-0.05038752034306526,0.018170535564422607
631,-0.14170415699481964,0.050894226878881454
632,-0.02039809711277485,0.043409865349531174
633,-0.06481671333312988,0.02135736122727394
634,-0.03937569260597229,0.020368890836834908
635,-0.13212832808494568,0.06979213654994965
636,-0.053150080144405365,0.025141339749097824
637,-0.059935685247182846,0.02240481786429882
638,-0.049671243876218796,0.018576718866825104
639,-0.0594496876001358,0.020069126039743423
640,-0.05004672706127167,0.021329715847969055
641,-0.05120040476322174,0.017805730924010277
642,-0.05177804082632065,0.019783733412623405
643,-0.05880089849233627,0.01902306266129017
644,-0.17458423972129822,0.07220813632011414
645,-0.17289632558822632,0.09649708867073059
646,-0.11874599009752274,0.07703690230846405
647,-0.1759520173072815,0.09148816764354706
648,-0.06166309863328934,0.024505196139216423
649,-0.05031060799956322,0.01992620900273323
650,-0.04348980635404587,0.018077217042446136
651,-0.053582437336444855,0.022449525073170662
652,-0.036965370178222656,0.018400011584162712
653,-0.1832473874092102,0.05526724457740784
654,-0.059306129813194275,0.0200867410749197
655,-0.041599251329898834,0.01596761867403984
656,-0.05388626828789711,0.018129751086235046
657,-0.21293319761753082,0.05864328145980835
658,-0.24637019634246826,0.07967250794172287
659,-0.04741564765572548,0.019345059990882874
660,-0.05692187324166298,0.020383115857839584
661,-0.18478389084339142,0.06102973595261574
662,-0.19020187854766846,0.09363305568695068
663,-0.045573364943265915,0.019515791907906532
664,-0.20025098323822021,0.07017122209072113
665,-0.049668747931718826,0.01835094578564167
666,-0.13868466019630432,0.07923509180545807
667,-0.05250106006860733,0.023656336590647697
668,-0.043558064848184586,0.015949446707963943
669,-0.06202677637338638,0.02445693500339985
670,-0.05828035995364189,0.019779950380325317
671,-0.1134101152420044,0.07072331011295319
672,-0.15677379071712494,0.0881582498550415
673,-0.05435585975646973,0.014510303735733032
674,-0.042484100908041,0.020416097715497017
675,-0.07159601151943207,0.0286607313901186
676,-0.05971784144639969,0.021731046959757805
677,-0.052587997168302536,0.01664911024272442
678,-0.11191346496343613,0.0742909386754036
679,-0.04305777698755264,0.01587870717048645
680,-0.23258118331432343,0.05796404555439949
681,-0.048388443887233734,0.019494103267788887
682,-0.12424804270267487,0.06508880853652954
683,-0.05141249671578407,0.021154005080461502
684,-0.17680563032627106,0.08640784025192261
685,-0.06413331627845764,0.01787741109728813
686,-0.06739591807126999,0.024441026151180267
687,-0.05053720623254776,0.017595231533050537
688,-0.05736579746007919,0.01947052963078022
689,-0.09614624828100204,0.06272483617067337
690,-0.10184387117624283,0.04818052798509598
691,-0.07338538765907288,0.021954750642180443
692,-0.13393624126911163,0.0841248407959938
693,-0.05387217551469803,0.023685459047555923
694,-0.04932962357997894,0.01957731693983078
695,-0.16463029384613037,0.05869743973016739
696,-0.04928445443511009,0.01813426800072193
697,-0.2284674197435379,0.07130012661218643
698,-0.20334328711032867,0.07796026766300201
699,-0.05734879523515701,0.017916543409228325
700,-0.282561331987381,0.08244908601045609
701,-0.05639846622943878,0.018538938835263252
702,-0.07050741463899612,0.02171395905315876
703,-0.1384831964969635,0.0753316804766655
704,-0.12502190470695496,0.05940365418791771
705,-0.03918624669313431,0.017617294564843178
706,-0.04625377058982849,0.019266359508037567
707,-0.04829159006476402,0.017122739925980568
708,-0.06149040162563324,0.017879584804177284
709,-0.07898101210594177,0.02835005521774292
710,-0.04816855117678642,0.018083468079566956
711,-0.1337950974702835,0.051835473626852036
712,-0.19900254905223846,0.07830695807933807
713,-0.11823610961437225,0.06576527655124664
714,-0.04512500390410423,0.017903776839375496
715,-0.1631692796945572,0.06477582454681396
716,-0.19988296926021576,0.08268538862466812
717,-0.11676917970180511,0.056048788130283356
718,-0.05922823026776314,0.019342610612511635
719,-0.10761876404285431,0.058434560894966125
720,-0.1423378586769104,0.07554715126752853
721,-0.0521039180457592,0.021607257425785065
722,-0.11728182435035706,0.0778428241610527
723,-0.04899623990058899,0.018412141129374504
724,-0.04391290992498398,0.01759093813598156
725,-0.14972662925720215,0.07255080342292786
726,-0.18180358409881592,0.0693095475435257
727,-0.12775814533233643,0.07085493952035904
728,-0.047919027507305145,0.018746336922049522
729,-0.19643233716487885,0.07068998366594315
730,-0.17679288983345032,0.04900104179978371
731,-0.1061009094119072,0.06725676357746124
732,-0.05659656971693039,0.021334415301680565
733,-0.13532452285289764,0.05793888866901398
734,-0.050993479788303375,0.021149111911654472
735,-0.1035204604268074,0.061601147055625916
736,-0.07277897000312805,0.022955171763896942
737,-0.15877948701381683,0.09005531668663025
738,-0.11438944935798645,0.038005243986845016
739,-0.19388511776924133,0.06241432577371597
740,-0.04262720048427582,0.01627746969461441
741,-0.05998801812529564,0.02188614197075367
742,-0.05575151741504669,0.020090781152248383
743,-0.10470347106456757,0.056921932846307755
744,-0.12861254811286926,0.06665781140327454
745,-0.06099001690745354,0.020313872024416924
746,-0.15625523030757904,0.09788364917039871
747,-0.13110831379890442,0.08075637370347977
748,-0.14136184751987457,0.08355256170034409
749,-0.10183882713317871,0.03286129608750343
750,-0.06133772060275078,0.020717673003673553
751,-0.051637087017297745,0.017386015504598618
752,-0.07662792503833771,0.04507196694612503
753,-0.06374029070138931,0.02502640150487423
754,-0.0507223904132843,0.017179908230900764
755,-0.15354984998703003,0.07232856005430222
756,-0.0598021075129509,0.021423479542136192
757,-0.13425981998443604,0.08806512504816055
758,-0.09272997826337814,0.05780043452978134
759,-0.13516412675380707,0.08025356382131577
760,-0.10850925743579865,0.06163185089826584
761,-0.05342463403940201,0.02201620489358902
762,-0.1326967179775238,0.06122912839055061
763,-0.05606291443109512,0.020787693560123444
764,-0.2104756087064743,0.06765732169151306
765,-0.1346370130777359,0.07460128515958786
766,-0.0410812646150589,0.017411531880497932
767,-0.04944092035293579,0.019186684861779213
768,-0.06197311729192734,0.019121015444397926
769,-0.04985903948545456,0.01913764700293541
770,-0.13659009337425232,0.07033443450927734
771,-0.1468650847673416,0.059453558176755905
772,-0.05589468777179718,0.018320055678486824
773,-0.08519485592842102,0.02992255613207817
774,-0.07256205379962921,0.020518770441412926
775,-0.05572490766644478,0.021740196272730827
776,-0.1807480752468109,0.06528979539871216
777,-0.06536998599767685,0.025022629648447037
778,-0.05156031623482704,0.01948234997689724
779,-0.057238880544900894,0.024269841611385345
780,-0.12613417208194733,0.07806028425693512
781,-0.12574277818202972,0.0686839297413826
782,-0.1494312286376953,0.07888152450323105
783,-0.14740321040153503,0.06647318601608276
784,-0.1517365276813507,0.07155922800302505
785,-0.04070555418729782,0.018799906596541405
786,-0.055074118077754974,0.020218659192323685
787,-0.05622006580233574,0.021533440798521042
788,-0.12351452559232712,0.06338398903608322
789,-0.049844253808259964,0.018062429502606392
790,0.275467187166214,0.08010697364807129
791,-0.03859307989478111,0.018514126539230347
792,-0.04200905188918114,0.016858534887433052
793,-0.17229881882667542,0.08449465781450272
794,-0.05540565028786659,0.019449694082140923
795,-0.1729300171136856,0.06736604869365692
796,-0.049554143100976944,0.016750644892454147
797,-0.06058045104146004,0.0199882872402668
798,-0.1664925068616867,0.07111476361751556
799,-0.05415952205657959,0.019398028030991554
800,-0.13248997926712036,0.06161969155073166
801,-0.05985894799232483,0.02018279768526554
802,-0.12170496582984924,0.0839625746011734
803,-0.12375247478485107,0.03892092406749725
804,-0.05332022160291672,0.02400461584329605
805,-0.11605887115001678,0.07871764898300171
806,-0.25403809547424316,0.07673446089029312
807,-0.07226226478815079,0.024513211101293564
808,-0.05764518678188324,0.023285117000341415
809,-0.11919163167476654,0.07875742018222809
810,-0.12809541821479797,0.06117997318506241
811,-0.04438680037856102,0.018652591854333878
812,-0.1434984803199768,0.0588226281106472
813,-0.054620157927274704,0.019585173577070236
814,-0.167405903339386,0.08510351926088333
815,-0.0585596077144146,0.02188757061958313
816,-0.060039911419153214,0.020812606438994408
817,-0.26173192262649536,0.06973771005868912
818,-0.32437559962272644,0.07571841776371002
819,-0.13592785596847534,0.09784208238124847
820,-0.06559620797634125,0.019329093396663666
821,-0.0477173738181591,0.023283623158931732
822,-0.036956291645765305,0.018874678760766983
823,-0.051331527531147,0.0272993054240942
824,-0.05767045542597771,0.018640995025634766
825,-0.04839589074254036,0.01750454492866993
826,-0.08942998945713043,0.04836457595229149
827,-0.15420658886432648,0.09554744511842728
828,-0.05526642128825188,0.02085532620549202
829,-0.10278134047985077,0.04762251675128937
830,-0.06811273097991943,0.018864011391997337
831,-0.04866806045174599,0.01754835434257984
832,-0.12937134504318237,0.05779780074954033
833,-0.04789077863097191,0.018378572538495064
834,-0.13665403425693512,0.0735003799200058
835,-0.04568328708410263,0.01962437480688095
836,-0.06264845281839371,0.020894579589366913
837,-0.09708494693040848,0.055770549923181534
838,-0.2124294638633728,0.07944249361753464
839,-0.15048597753047943,0.09835454076528549
840,-0.06561759859323502,0.021011142060160637
841,-0.057021304965019226,0.020596550777554512
842,-0.05102238059043884,0.025855181738734245
843,-0.1612778902053833,0.07378923147916794
844,-0.09395585209131241,0.044065382331609726
845,-0.12062545865774155,0.033483169972896576
846,-0.13794799149036407,0.07169923931360245
847,-0.05216924101114273,0.017705531790852547
848,-0.27099743485450745,0.06943393498659134
849,-0.04463318735361099,0.018063144758343697
850,-0.2532697916030884,0.08211419731378555
851,-0.040505118668079376,0.014988726936280727
852,-0.11205429583787918,0.0524594783782959
853,-0.11450095474720001,0.061737556010484695
854,-0.13433772325515747,0.06339078396558762
855,-0.23072724044322968,0.06960476189851761
856,-0.04200297221541405,0.01712571457028389
857,-0.046430230140686035,0.017743317410349846
858,-0.12959575653076172,0.0652884840965271
859,-0.2125730961561203,0.0813102051615715
860,-0.2130269557237625,0.06814063340425491
861,-0.22843898832798004,0.05143362656235695
862,-0.052959222346544266,0.0201039370149374
863,-0.036313097923994064,0.018996527418494225
864,-0.14087799191474915,0.07010863721370697
865,-0.045816101133823395,0.018091633915901184
866,-0.13504427671432495,0.07724851369857788
867,-0.056279562413692474,0.023187583312392235
868,-0.05785002186894417,0.021157996729016304
869,-0.12173057347536087,0.06617792695760727
870,-0.04741714522242546,0.018244072794914246
871,-0.04856431484222412,0.0175626203417778
872,-0.11019641906023026,0.0728313997387886
873,-0.04616375267505646,0.017605554312467575
874,-0.14203311502933502,0.06471719592809677
875,-0.055360015481710434,0.020421281456947327
876,-0.10879085212945938,0.07973816245794296
877,-0.05696876719594002,0.022944210097193718
878,-0.05571421980857849,0.02111237868666649
879,-0.06358568370342255,0.04262405261397362
880,-0.11182468384504318,0.06276144087314606
881,-0.2027120143175125,0.06732922047376633
882,-0.040270693600177765,0.01613336242735386
883,-0.05862664431333542,0.020429544150829315
884,-0.10018794238567352,0.070813849568367
885,-0.04335014522075653,0.016344716772437096
886,-0.05425219610333443,0.018948247656226158
887,-0.14699946343898773,0.09237925708293915
888,-0.11899836361408234,0.06575372070074081
889,-0.052818406373262405,0.0173064935952425
890,-0.038675449788570404,0.015599926002323627
891,-0.05282799154520035,0.021518101915717125
892,-0.08742459118366241,0.049983490258455276
893,-0.06727446615695953,0.021438146010041237
894,-0.1316317766904831,0.05172634869813919
895,-0.12572766840457916,0.060299597680568695
896,-0.1685945689678192,0.08276267349720001
897,-0.04280085489153862,0.019799677655100822
898,-0.05332615226507187,0.017310863360762596
899,-0.11155764758586884,0.05351746082305908
900,-0.050312478095293045,0.020309435203671455
901,-0.04029766470193863,0.01708073541522026
902,-0.11543730646371841,0.07101301848888397
903,-0.04140495881438255,0.019407091662287712
904,-0.18463213741779327,0.08173635601997375
905,-0.058674462139606476,0.02097903937101364
906,-0.0720733031630516,0.02524854801595211
907,-0.06683054566383362,0.023935561999678612
908,-0.055491283535957336,0.021166952326893806
909,-0.24389073252677917,0.05829455330967903
910,-0.2110413759946823,0.07623936235904694
911,-0.11099016666412354,0.07060188800096512
912,-0.14167559146881104,0.06697063893079758
913,-0.05143217369914055,0.021593496203422546
914,-0.14541175961494446,0.06962397694587708
915,-0.05569876730442047,0.020061476156115532
916,-0.04985965043306351,0.01801425777375698
917,-0.05115549638867378,0.021465815603733063
918,-0.07476653903722763,0.02431638538837433
919,-0.05880323424935341,0.018656963482499123
920,-0.19712868332862854,0.055793438106775284
921,-0.08634477853775024,0.048267994076013565
922,-0.09316792339086533,0.05981212854385376
923,-0.058811403810977936,0.020014595240354538
924,-0.1614646017551422,0.08760493993759155
925,-0.055711451917886734,0.036280348896980286
926,-0.10669192671775818,0.05095837637782097
927,-0.07156696170568466,0.03435433655977249
928,-0.17085443437099457,0.061506904661655426
929,-0.04358680173754692,0.019551564007997513
930,-0.1711912751197815,0.06822503358125687
931,-0.20560739934444427,0.06456473469734192
932,-0.11666110903024673,0.06461095064878464
933,-0.04890323430299759,0.0210742000490427
934,-0.22628790140151978,0.06373824179172516
935,-0.042084429413080215,0.015151496976613998
936,-0.05244128033518791,0.019763551652431488
937,-0.05544073507189751,0.018179599195718765
938,-0.1969967931509018,0.07285584509372711
939,-0.14015914499759674,0.06556637585163116
940,-0.22987501323223114,0.08500272780656815
941,-0.05761681869626045,0.018005378544330597
942,-0.038434967398643494,0.016823498532176018
943,-0.10184355825185776,0.05024329572916031
944,-0.053992632776498795,0.019513439387083054
945,-0.1612216979265213,0.06453969329595566
946,-0.048483721911907196,0.02076811157166958
947,-0.054441411048173904,0.01426082942634821
948,-0.1720176786184311,0.06227122247219086
949,-0.05212036892771721,0.01821989379823208
950,-0.059848055243492126,0.02794761024415493
951,-0.04864067956805229,0.021043147891759872
952,-0.04438482224941254,0.019344918429851532
953,-0.1280267834663391,0.0740937665104866
954,-0.06388011574745178,0.02049856446683407
955,-0.12822791934013367,0.07130373269319534
956,-0.12073952704668045,0.07525340467691422
957,-0.05124538391828537,0.01916871964931488
958,-0.21274808049201965,0.05974847450852394
959,-0.07887241989374161,0.04992194101214409
960,-0.07189525663852692,0.026951950043439865
961,-0.1425877809524536,0.07554846256971359
962,-0.10884548723697662,0.07059748470783234
963,-0.030995404347777367,0.02655954100191593
964,-0.07333531230688095,0.025078563019633293
965,-0.04919615387916565,0.018845850601792336
966,-0.09800644218921661,0.06369075179100037
967,-0.048904888331890106,0.017804738134145737
968,-0.04668120667338371,0.0171064380556345
969,-0.04461020603775978,0.02042044699192047
970,-0.06534094363451004,0.023988056927919388
971,-0.05674422159790993,0.020127801224589348
972,-0.12148139625787735,0.06968516111373901
973,-0.05535880848765373,0.019723933190107346
974,-0.0560171939432621,0.02129645086824894
975,-0.04672570899128914,0.016682377085089684
976,-0.06707614660263062,0.020887793973088264
977,-0.09979186207056046,0.04898042604327202
978,-0.13547417521476746,0.07590163499116898
979,-0.11059083044528961,0.04985795170068741
980,-0.052036188542842865,0.020122481510043144
981,-0.2567041516304016,0.07979721575975418
982,-0.04834786802530289,0.023226240649819374
983,-0.14430630207061768,0.055602483451366425
984,-0.05477272346615791,0.02024984359741211
985,-0.14413994550704956,0.0673016905784607
986,-0.161062553524971,0.06169656291604042
987,-0.17764189839363098,0.07343556731939316
988,-0.060736991465091705,0.01976645737886429
989,-0.06606210768222809,0.017582787200808525
990,-0.19837236404418945,0.08689898997545242
991,-0.06689944863319397,0.0216506514698267
992,-0.052618298679590225,0.014794421382248402
993,-0.06759937107563019,0.02248481474816799
994,-0.04275313392281532,0.021110082045197487
995,-0.05996093899011612,0.01604044996201992
996,-0.11766035854816437,0.0530993789434433
997,-0.05385861173272133,0.018592603504657745
998,-0.10774938762187958,0.05425648018717766
999,-0.06543834507465363,0.021037640050053596
1000,-0.102480448782444,0.06589829921722412
1001,-0.05226101353764534,0.016804255545139313
1002,-0.03981088474392891,0.012257587164640427
1003,-0.053055450320243835,0.019200503826141357
1004,-0.05341316759586334,0.020014476031064987
1005,-0.1402783989906311,0.05493719130754471
1006,-0.037873122841119766,0.017197536304593086
1007,-0.04540698230266571,0.019427739083766937
1008,-0.13053609430789948,0.054537173360586166
1009,-0.10390711575746536,0.04137001186609268
1010,-0.05190667882561684,0.019537756219506264
1011,-0.16936515271663666,0.08246008306741714
1012,-0.06666916608810425,0.018623115494847298
1013,-0.12464679777622223,0.06585216522216797
1014,-0.17692691087722778,0.06317907571792603
1015,-0.16668662428855896,0.0806405320763588
1016,-0.22133591771125793,0.07655959576368332
1017,-0.057116322219371796,0.01943046972155571
1018,-0.06317340582609177,0.020674079656600952
1019,-0.12255671620368958,0.06443355977535248
1020,-0.06440529227256775,0.024995960295200348
1021,-0.10910897701978683,0.07598087936639786
1022,-0.06142949312925339,0.019255323335528374
1023,-0.13929253816604614,0.07167074829339981
1024,-0.10859951376914978,0.04516936466097832
1025,-0.059181999415159225,0.020073238760232925
1026,-0.08063330501317978,0.0252995602786541
1027,-0.16197705268859863,0.07236586511135101
1028,-0.08712620288133621,0.0530955046415329
1029,-0.054778803139925,0.017087873071432114
1030,-0.06114761903882027,0.022395137697458267
1031,-0.16281065344810486,0.0826573371887207
1032,-0.16585299372673035,0.08076471835374832
1033,-0.1169700026512146,0.05236271023750305
1034,-0.054679371416568756,0.020976698026061058
1035,-0.12925954163074493,0.07470908761024475
1036,-0.05067910999059677,0.0189252607524395
1037,-0.23788824677467346,0.06903015077114105
1038,-0.05479810759425163,0.022968214005231857
1039,-0.05517911911010742,0.01551627367734909
1040,-0.04857546091079712,0.020270897075533867
1041,-0.06826990097761154,0.02209501713514328
1042,-0.13227994740009308,0.05385879799723625
1043,-0.2613055408000946,0.08382726460695267
1044,-0.15075929462909698,0.054245613515377045
1045,-0.19728973507881165,0.06691090762615204
1046,-0.16365787386894226,0.06499014794826508
1047,-0.042558521032333374,0.018595613539218903
1048,-0.17538195848464966,0.08168752491474152
1049,-0.05637213960289955,0.023210441693663597
1050,-0.05000360682606697,0.019753634929656982
1051,-0.1035638153553009,0.04978358745574951
1052,-0.04146680608391762,0.01854107528924942
1053,-0.18113046884536743,0.07671402394771576
1054,-0.06688806414604187,0.019353220239281654
1055,-0.147504061460495,0.11484621465206146
1056,-0.12849341332912445,0.07948461174964905
1057,-0.07635314017534256,0.025088809430599213
1058,-0.055523984134197235,0.01884557120501995
1059,-0.04723998159170151,0.015358670614659786
1060,-0.04743761196732521,0.019290871918201447
1061,-0.05031999200582504,0.020132964476943016
1062,-0.23748646676540375,0.08227699995040894
1063,-0.1363012045621872,0.08230406790971756
1064,-0.06178160756826401,0.04610452055931091
1065,-0.13166111707687378,0.07094939798116684
1066,-0.04402069002389908,0.01709362119436264
1067,-0.04996294900774956,0.02055327594280243
1068,-0.0886845514178276,0.045481275767087936
1069,-0.12122391164302826,0.053154367953538895
1070,-0.06586725264787674,0.019760193303227425
1071,-0.043680980801582336,0.019653789699077606
1072,-0.05154966190457344,0.02021779865026474
1073,-0.09280955046415329,0.048050157725811005
1074,-0.17285555601119995,0.08451775461435318
1075,-0.0514720156788826,0.016175612807273865
1076,-0.08670772612094879,0.043656207621097565
1077,-0.16056226193904877,0.07021838426589966
1078,-0.3419730067253113,0.08772775530815125
1079,-0.048706475645303726,0.015044694766402245
1080,-0.11418891698122025,0.05410432070493698
1081,-0.20721174776554108,0.0772010087966919
1082,-0.06403733044862747,0.022819269448518753
1083,-0.054545145481824875,0.018320856615900993
1084,-0.06278664618730545,0.019911786541342735
1085,-0.09591810405254364,0.056749891489744186
1086,-0.04841060936450958,0.019250383600592613
1087,-0.17603354156017303,0.07204556465148926
1088,-0.052361201494932175,0.017789114266633987
1089,-0.18777628242969513,0.0792417973279953
1090,-0.1503540724515915,0.061729349195957184
1091,-0.18220917880535126,0.08582117408514023
1092,-0.10666410624980927,0.057156503200531006
1093,-0.06442747265100479,0.023017123341560364
1094,-0.15649135410785675,0.0937672108411789
1095,-0.07049496471881866,0.019701488316059113
1096,-0.17266571521759033,0.09044881910085678
1097,-0.17316320538520813,0.055996011942625046
1098,-0.07255879044532776,0.021966269239783287
1099,-0.0661691278219223,0.0211989413946867
1100,-0.14538542926311493,0.07319324463605881
1101,-0.05124369263648987,0.026805046945810318
1102,-0.04999364912509918,0.015983834862709045
1103,-0.19257570803165436,0.07871471345424652
1104,-0.13616107404232025,0.07654020190238953
1105,-0.05523943156003952,0.02209596335887909
1106,-0.13540402054786682,0.06393149495124817
1107,-0.04596680775284767,0.02058079093694687
1108,-0.050837524235248566,0.019034938886761665
1109,-0.20674075186252594,0.07697948813438416
1110,-0.06273391097784042,0.01824023574590683
1111,-0.06972003728151321,0.022280335426330566
1112,-0.14678074419498444,0.04423502832651138
1113,-0.04763251543045044,0.0244786124676466
1114,-0.11611456423997879,0.06804244220256805
1115,-0.16464759409427643,0.059998638927936554
1116,-0.062201011925935745,0.021318931132555008
1117,-0.05479125678539276,0.019971394911408424
1118,-0.15412038564682007,0.07700763642787933
1119,-0.04820297285914421,0.019350996240973473
1120,-0.07076656818389893,0.02116846665740013
1121,-0.1399109661579132,0.07643699645996094
1122,-0.13848917186260223,0.06947951763868332
1123,-0.13480322062969208,0.0854240357875824
1124,-0.16211190819740295,0.08299864083528519
1125,-0.05424308404326439,0.017885055392980576
1126,-0.04786752536892891,0.01810341514647007
1127,-0.046574827283620834,0.019570082426071167
1128,-0.11894126981496811,0.06489789485931396
1129,-0.13813039660453796,0.06465371698141098
1130,-0.10988111048936844,0.07028821110725403
1131,-0.045414820313453674,0.016578208655118942
1132,-0.04939175397157669,0.016545454040169716
1133,-0.0464349240064621,0.016888832673430443
1134,-0.14415495097637177,0.07609841227531433
1135,-0.11202583461999893,0.06694100797176361
1136,-0.2640475034713745,0.0732019767165184
1137,-0.059178754687309265,0.018639761954545975
1138,-0.11642472445964813,0.07336239516735077
1139,-0.05534167215228081,0.020659122616052628
1140,-0.056011077016592026,0.020410489290952682
1141,-0.21290422976016998,0.05826985463500023
1142,-0.1927785724401474,0.07963892817497253
1143,-0.13557858765125275,0.04600455239415169
1144,-0.05276002362370491,0.015169349499046803
1145,-0.04850763455033302,0.022287914529442787
1146,-0.1996029019355774,0.06647959351539612
1147,-0.04564221575856209,0.019584568217396736
1148,-0.0810566246509552,0.024266323074698448
1149,-0.06295336782932281,0.02370225265622139
1150,-0.1315082311630249,0.07154592871665955
1151,-0.07410337030887604,0.021726787090301514
1152,-0.16831088066101074,0.061322323977947235
1153,-0.11472634971141815,0.06731522083282471
1154,-0.3625018894672394,0.0762336328625679
1155,-0.20514902472496033,0.08269818127155304
1156,-0.050057634711265564,0.01564202643930912
1157,-0.11357475817203522,0.07087113708257675
1158,-0.17517933249473572,0.07633884251117706
1159,-0.045390784740448,0.014996218495070934
1160,-0.04407833516597748,0.018508123233914375
1161,-0.04793473333120346,0.01408151164650917
1162,-0.19127017259597778,0.07490362226963043
1163,-0.06434938311576843,0.01757546328008175
1164,-0.061982035636901855,0.017759373411536217
1165,-0.10397970676422119,0.04876578971743584
1166,-0.06153402850031853,0.020236751064658165
1167,-0.188678577542305,0.07713870704174042
1168,-0.12089429050683975,0.05240892618894577
1169,-0.043317198753356934,0.01825970597565174
1170,-0.10893945395946503,0.07025949656963348
1171,-0.05113854259252548,0.017279313877224922
1172,-0.10809898376464844,0.05629459023475647
1173,-0.14246110618114471,0.06200525537133217
1174,-0.11385174840688705,0.06305187940597534
1175,-0.046267587691545486,0.019060812890529633
1176,-0.18449993431568146,0.08403069525957108
1177,-0.11521154642105103,0.05735800787806511
1178,-0.04666190594434738,0.018923094496130943
1179,-0.16891230642795563,0.08969181030988693
1180,-0.11473669111728668,0.06018160283565521
1181,-0.1371442824602127,0.07234112173318863
1182,-0.14738480746746063,0.05603494867682457
1183,-0.07604905962944031,0.02489997260272503
1184,-0.04972788318991661,0.01857004500925541
1185,-0.05939725413918495,0.024652833119034767
1186,-0.05999854952096939,0.02628273330628872
1187,-0.12805557250976562,0.05963711068034172
1188,-0.05806173011660576,0.020897559821605682
1189,-0.1589595079421997,0.07471125572919846
1190,-0.11333081126213074,0.06653934717178345
1191,-0.04663800075650215,0.018397483974695206
1192,-0.061281152069568634,0.024006297811865807
1193,-0.17723576724529266,0.06714943051338196
1194,-0.14371776580810547,0.06811152398586273
1195,-0.05982249975204468,0.019828714430332184
1196,-0.037379585206508636,0.014370832592248917
1197,-0.09967202693223953,0.05749021843075752
1198,-0.05484902486205101,0.019912784919142723
1199,-0.0750037208199501,0.026049023494124413
1200,-0.18953415751457214,0.07798068970441818
1201,-0.1483742594718933,0.07851726561784744
1202,-0.11301648616790771,0.07272791117429733
1203,-0.1313813477754593,0.05488070473074913
1204,-0.07084814459085464,0.02052123285830021
1205,-0.05419618636369705,0.01720404624938965
1206,-0.04760605841875076,0.017132308334112167
1207,-0.04375005140900612,0.019090253859758377
1208,-0.13304845988750458,0.06709510087966919
1209,-0.26867440342903137,0.06669633090496063
1210,-0.12851496040821075,0.06537194550037384
1211,-0.05393584817647934,0.02169879712164402
1212,-0.12091299891471863,0.06879397481679916
1213,-0.14181436598300934,0.08530238270759583
1214,-0.27837425470352173,0.06821259111166
1215,-0.11443182080984116,0.05169813707470894
1216,-0.04613673686981201,0.016296803951263428
1217,-0.15777423977851868,0.09348400682210922
1218,-0.16966181993484497,0.08909766376018524
1219,-0.1772620677947998,0.06068577989935875
1220,-0.07393573969602585,0.02521374262869358
1221,-0.18993240594863892,0.08041845262050629
1222,-0.045051850378513336,0.016078058630228043
1223,-0.05854950472712517,0.02123384177684784
1224,-0.19306010007858276,0.0746070072054863
1225,-0.10875280201435089,0.07207643240690231
1226,-0.047899819910526276,0.015181264840066433
1227,-0.04572179168462753,0.01620657555758953
1228,-0.07365839183330536,0.029295198619365692
1229,-0.13274602591991425,0.06527216732501984
1230,-0.12984351813793182,0.05879040062427521
1231,-0.05773526057600975,0.02288474701344967
1232,-0.10038742423057556,0.06713996082544327
1233,-0.15175876021385193,0.06672065705060959
1234,-0.05584090203046799,0.019077612087130547
1235,-0.07372745126485825,0.026714110746979713
1236,-0.20210430026054382,0.08823300898075104
1237,-0.06538509577512741,0.02041139453649521
1238,-0.09438543021678925,0.03497070074081421
1239,-0.1065695732831955,0.04718847945332527
1240,-0.041420500725507736,0.01760059781372547
1241,-0.1460915356874466,0.07563795894384384
1242,-0.054166290909051895,0.02467944845557213
1243,-0.1347169578075409,0.05106723681092262
1244,-0.0457255020737648,0.015081473626196384
1245,-0.06712152808904648,0.026684748008847237
1246,-0.042331717908382416,0.019425375387072563
1247,-0.09780732542276382,0.05539829283952713
1248,-0.05157075449824333,0.015378603711724281
1249,-0.1378626525402069,0.08349814265966415
1250,-0.1525145173072815,0.07565443217754364
1251,-0.058790430426597595,0.02536843717098236
1252,-0.0446937121450901,0.018514791503548622
1253,-0.11409078538417816,0.05750608816742897
1254,-0.09826396405696869,0.054550331085920334
1255,-0.06614774465560913,0.0199876856058836
1256,-0.048643600195646286,0.01705571822822094
1257,-0.10607289522886276,0.02980007417500019
1258,-0.06898356974124908,0.022182239219546318
1259,-0.05219966545701027,0.017963794991374016
1260,-0.05542309582233429,0.01952134631574154
1261,-0.1312912106513977,0.05947175621986389
1262,-0.052053362131118774,0.021505938842892647
1263,-0.10565517097711563,0.04950563982129097
1264,-0.07113810628652573,0.02012445218861103
1265,-0.06262972950935364,0.01720178686082363
1266,-0.14820140600204468,0.06747052073478699
1267,-0.15200430154800415,0.07210301607847214
1268,-0.14283470809459686,0.07991316169500351
1269,-0.14551718533039093,0.06848479062318802
1270,-0.05490102618932724,0.017901714891195297
1271,-0.14699667692184448,0.06996461749076843
1272,-0.06351520866155624,0.018017467111349106
1273,-0.055849432945251465,0.022830035537481308
1274,-0.09934014827013016,0.042123667895793915
1275,-0.06513167172670364,0.019298583269119263
1276,-0.06214914470911026,0.02049691043794155
1277,-0.17790363729000092,0.055523552000522614
1278,-0.038984257727861404,0.01607668586075306
1279,-0.13785181939601898,0.07906734943389893
1280,-0.124641053378582,0.06974335014820099
1281,-0.04380405321717262,0.017766913399100304
1282,-0.16860178112983704,0.0718308538198471
1283,-0.16715537011623383,0.07046149671077728
1284,-0.13121499121189117,0.07298527657985687
1285,-0.12290143966674805,0.040883053094148636
1286,-0.06754039227962494,0.019155466929078102
1287,-0.14708131551742554,0.0862601026892662
1288,-0.11227166652679443,0.06266462057828903
1289,-0.07116251438856125,0.03747892379760742
1290,-0.05409370735287666,0.016768867149949074
1291,-0.17076420783996582,0.04086402431130409
1292,-0.19081398844718933,0.051373545080423355
1293,-0.06124208867549896,0.01833585649728775
1294,-0.11894439905881882,0.07084348052740097
1295,-0.06876275688409805,0.02360600419342518
1296,-0.14943920075893402,0.0776035487651825
1297,-0.1107223629951477,0.05289256572723389
1298,-0.13278234004974365,0.0768938958644867
1299,-0.0514511838555336,0.015090519562363625
1300,-0.14861494302749634,0.07103518396615982
1301,-0.14854080975055695,0.0667182207107544
1302,-0.11696353554725647,0.06902176886796951
1303,-0.05791682377457619,0.01829303242266178
1304,-0.04739934206008911,0.01946309581398964
1305,-0.045395005494356155,0.020157748833298683
1306,-0.06528767943382263,0.02077564038336277
1307,-0.056801993399858475,0.021787837147712708
1308,-0.12059345096349716,0.06074625626206398
1309,-0.2671804130077362,0.08527527749538422
1310,-0.13782578706741333,0.07075028866529465
1311,-0.045545533299446106,0.01587538979947567
1312,-0.05261372774839401,0.021587297320365906
1313,-0.05490627884864807,0.020651191473007202
1314,-0.15490944683551788,0.06341090798377991
1315,-0.06092970073223114,0.019046908244490623
1316,-0.10902320593595505,0.035443276166915894
1317,-0.19226540625095367,0.06594038009643555
1318,-0.07311622053384781,0.02208702452480793
1319,-0.054978832602500916,0.0194354560226202
1320,-0.053639475256204605,0.020103514194488525
1321,-0.06434182077646255,0.02158026024699211
1322,-0.0430961474776268,0.01603058911859989
1323,-0.08140362799167633,0.02458779141306877
1324,-0.049362409859895706,0.023507844656705856
1325,-0.049015581607818604,0.018705779686570168
1326,-0.22775432467460632,0.09725194424390793
1327,-0.04716206714510918,0.01878819800913334
1328,-0.1038951650261879,0.0675019845366478
1329,-0.1642678678035736,0.07311859726905823
1330,-0.047272007912397385,0.017617449164390564
1331,-0.05866674333810806,0.02202102169394493
1332,-0.12137600779533386,0.06751050055027008
1333,-0.05683280900120735,0.020581362769007683
1334,-0.22203338146209717,0.08211745321750641
1335,-0.06773515045642853,0.025253016501665115
1336,-0.12002494931221008,0.05876140668988228
1337,-0.05399821326136589,0.021374491974711418
1338,-0.051956839859485626,0.022162333130836487
1339,-0.13512937724590302,0.07454428821802139
1340,-0.04825571924448013,0.02181916870176792
1341,-0.05010547488927841,0.018862728029489517
1342,-0.06409012526273727,0.024759462103247643
1343,-0.05305609107017517,0.018447130918502808
1344,-0.18022659420967102,0.08206716924905777
1345,-0.0440012589097023,0.01940080337226391
1346,-0.05351682007312775,0.017081264406442642
1347,-0.07776779681444168,0.021705031394958496
1348,-0.056123897433280945,0.023443477228283882
1349,-0.05190085247159004,0.021788371726870537
1350,-0.04945829138159752,0.019099684432148933
1351,-0.06529956310987473,0.0206754207611084
1352,-0.07006186246871948,0.019716056063771248
1353,-0.1380164474248886,0.07153495401144028
1354,-0.06705562025308609,0.017285320907831192
1355,-0.06509975343942642,0.02411382831633091
1356,-0.06837181001901627,0.022039055824279785
1357,-0.1300099939107895,0.07459763437509537
1358,-0.21871988475322723,0.0935538113117218
1359,-0.10713276267051697,0.05951538681983948
1360,-0.1449856460094452,0.07751976698637009
1361,-0.13573047518730164,0.06421211361885071
1362,-0.08893807977437973,0.02923152782022953
1363,-0.06285863369703293,0.019509470090270042
1364,-0.11450774222612381,0.06476501375436783
1365,-0.06726384162902832,0.021058743819594383
1366,-0.16433870792388916,0.07797907292842865
1367,-0.10405667871236801,0.06383668631315231
1368,-0.12021223455667496,0.058732662349939346
1369,-0.053758129477500916,0.016843929886817932
1370,-0.1467183381319046,0.09134886413812637
1371,-0.08291301131248474,0.04187292233109474
1372,-0.04381904751062393,0.01681673340499401
1373,-0.06641087681055069,0.02406306192278862
1374,-0.13112056255340576,0.07167226076126099
1375,-0.05212454870343208,0.021905044093728065
1376,-0.06980211287736893,0.025343479588627815
1377,-0.042553890496492386,0.01821362040936947
1378,-0.06390814483165741,0.019890405237674713
1379,-0.1153435930609703,0.06534753739833832
1380,-0.14946037530899048,0.07965605705976486
1381,-0.16842757165431976,0.07601885497570038
1382,-0.06249373406171799,0.023265555500984192
1383,-0.044477883726358414,0.018251517787575722
1384,-0.12396945059299469,0.06232444941997528
1385,-0.04089367762207985,0.020824162289500237
1386,-0.05240785703063011,0.015629967674613
1387,-0.10935385525226593,0.05060432478785515
1388,-0.05392385274171829,0.01757069118320942
1389,-0.15745913982391357,0.06480921059846878
1390,-0.06323626637458801,0.024610955268144608
1391,-0.04388570040464401,0.018928352743387222
1392,-0.05275591090321541,0.020475825294852257
1393,-0.07029758393764496,0.022884797304868698
1394,-0.20574826002120972,0.08263696730136871
1395,-0.12846893072128296,0.06230791658163071
1396,-0.144398033618927,0.07972962409257889
1397,-0.051547419279813766,0.02030438743531704
1398,-0.18532074987888336,0.06666410714387894
1399,-0.05180124193429947,0.01792648620903492
1400,-0.18625333905220032,0.05911094695329666
1401,-0.06174968555569649,0.021955708041787148
1402,-0.15375769138336182,0.058556415140628815
1403,-0.11075712740421295,0.05316605046391487
1404,-0.06149454787373543,0.02482595480978489
1405,-0.04699935019016266,0.019071634858846664
1406,-0.15945622324943542,0.050460681319236755
1407,-0.06260981410741806,0.023667484521865845
1408,-0.05055578052997589,0.01798860728740692
1409,-0.037910085171461105,0.017039993777871132
1410,-0.05526570603251457,0.019096054136753082
1411,-0.04105501249432564,0.01849849335849285
1412,-0.046866826713085175,0.01819387450814247
1413,-0.06010395288467407,0.022878073155879974
1414,-0.1294613480567932,0.07213303446769714
1415,-0.11157698184251785,0.06515394896268845
1416,-0.05284341052174568,0.017273040488362312
1417,-0.03985545039176941,0.01725960150361061
1418,-0.11818862706422806,0.06536316126585007
1419,-0.17164719104766846,0.041249021887779236
1420,-0.05284591764211655,0.019924812018871307
1421,-0.10102662444114685,0.05513700097799301
1422,-0.18819986283779144,0.07114946097135544
1423,-0.0502663254737854,0.018298383802175522
1424,-0.05365247279405594,0.020788738504052162
1425,-0.06136804819107056,0.021550126373767853
1426,-0.058862414211034775,0.021792585030198097
1427,-0.052249860018491745,0.018713727593421936
1428,-0.045074138790369034,0.015414553694427013
1429,-0.06064335256814957,0.022694556042551994
1430,-0.055272094905376434,0.017856942489743233
1431,-0.18438157439231873,0.059776440262794495
1432,-0.1425805389881134,0.08420728892087936
1433,-0.14446896314620972,0.0681561827659607
1434,-0.18028174340724945,0.07098324596881866
1435,-0.17681801319122314,0.0736459344625473
1436,-0.05788681283593178,0.01788467727601528
1437,-0.056292105466127396,0.016995638608932495
1438,-0.13296379148960114,0.06695418804883957
1439,-0.17343637347221375,0.08200793713331223
1440,-0.058828044682741165,0.01794177107512951
1441,-0.12640352547168732,0.05612669140100479
1442,-0.052889641374349594,0.018132608383893967
1443,-0.0532100535929203,0.019719038158655167
1444,-0.04940221086144447,0.015933457762002945
1445,-0.14272406697273254,0.06772329658269882
1446,-0.17775563895702362,0.07236252725124359
1447,-0.06420593708753586,0.03326735273003578
1448,-0.07587525248527527,0.02042965032160282
1449,-0.05030454695224762,0.02184809185564518
1450,-0.07035715132951736,0.027015917003154755
1451,-0.0618455708026886,0.021505169570446014
1452,-0.0435708649456501,0.016593754291534424
1453,-0.05455789342522621,0.023254455998539925
1454,-0.04235347360372543,0.015168832615017891
1455,-0.0679178312420845,0.0215062964707613
1456,-0.05983516946434975,0.021934468299150467
1457,-0.10126994550228119,0.05651457607746124
1458,-0.09098172932863235,0.04621869698166847
1459,-0.12371724843978882,0.059227634221315384
1460,-0.15777114033699036,0.06432629376649857
1461,-0.05333870276808739,0.018522202968597412
1462,-0.05158489570021629,0.01925697922706604
1463,-0.050169236958026886,0.020568592473864555
1464,-0.05946550890803337,0.020220894366502762
1465,-0.09168826043605804,0.04038778692483902
1466,-0.052070941776037216,0.02542310208082199
1467,-0.050457511097192764,0.019840406253933907
1468,-0.07562146335840225,0.018731826916337013
1469,-0.0949099212884903,0.06818754225969315
1470,-0.04391976445913315,0.01629999838769436
1471,-0.05043302848935127,0.018115222454071045
1472,-0.04840722680091858,0.020894888788461685
1473,-0.049186013638973236,0.01870865933597088
1474,-0.12363164126873016,0.062605120241642
1475,-0.1789361536502838,0.06614924222230911
1476,-0.16978667676448822,0.056434158235788345
1477,-0.05135980248451233,0.01743522845208645
1478,-0.14569805562496185,0.0878215804696083
1479,-0.2175094187259674,0.0705057755112648
1480,-0.1271146833896637,0.05811087042093277
1481,-0.11464755982160568,0.05770822986960411
1482,-0.14408986270427704,0.06141939014196396
1483,-0.12962661683559418,0.07022137194871902
1484,-0.21514733135700226,0.06245388090610504
1485,-0.04852232336997986,0.0229792557656765
1486,-0.20473627746105194,0.0636298879981041
1487,-0.05481107532978058,0.018503865227103233
1488,-0.12318319082260132,0.0784105658531189
1489,-0.17160718142986298,0.06565453857183456
1490,-0.05613492801785469,0.018430620431900024
1491,-0.13448883593082428,0.05613159388303757
1492,-0.06959801912307739,0.02208303101360798
1493,-0.10652658343315125,0.06147720664739609
1494,-0.24145196378231049,0.07391655445098877
1495,-0.1039486899971962,0.049208760261535645
1496,-0.1887308657169342,0.052927013486623764
1497,-0.06024932116270065,0.01712922379374504
1498,-0.052832841873168945,0.021474070847034454
1499,-0.05598035082221031,0.018509119749069214
1500,-0.05717407912015915,0.018279891461133957
1501,-0.20566606521606445,0.06525376439094543
1502,-0.051025934517383575,0.0184230487793684
1503,-0.2349855750799179,0.05834120512008667
1504,-0.05310390889644623,0.017987379804253578
1505,-0.2095475047826767,0.05970960855484009
1506,-0.10627133399248123,0.06926710158586502
1507,-0.13989540934562683,0.06466670334339142
1508,-0.049510326236486435,0.018740924075245857
1509,-0.05217732489109039,0.017355183139443398
1510,-0.06425806134939194,0.017525171861052513
1511,-0.05176526680588722,0.01869823783636093
1512,-0.05433342233300209,0.02342236042022705
1513,-0.07570602744817734,0.02197958715260029
1514,-0.03590872138738632,0.013722346164286137
1515,-0.1667674481868744,0.0615425631403923
1516,-0.052094291895627975,0.016841137781739235
1517,-0.15699104964733124,0.07154586166143417
1518,-0.06421073526144028,0.02081066556274891
1519,-0.05885424092411995,0.01899164356291294
1520,-0.07469994574785233,0.02279064431786537
1521,-0.1822381168603897,0.07465913891792297
1522,-0.13025884330272675,0.05570593848824501
1523,-0.20767101645469666,0.0634341835975647
1524,-0.15118427574634552,0.06499513238668442
1525,-0.11058530956506729,0.06707250326871872
1526,-0.14570824801921844,0.06626005470752716
1527,-0.19318346679210663,0.07678934931755066
1528,-0.04929955676198006,0.01916618086397648
1529,-0.04228969290852547,0.014956285245716572
1530,-0.18754661083221436,0.05441711097955704
1531,-0.10493592917919159,0.05326548591256142
1532,-0.04705571383237839,0.01601439341902733
1533,-0.06350107491016388,0.017305325716733932
1534,-0.05040460824966431,0.018084591254591942
1535,-0.1389143019914627,0.051433175802230835
1536,-0.05062180384993553,0.021695109084248543
1537,-0.08318015187978745,0.04381731152534485
1538,-0.20754201710224152,0.05316188931465149
1539,-0.05214695632457733,0.019604142755270004
1540,-0.05211072787642479,0.016680721193552017
1541,-0.06412485241889954,0.01970708556473255
1542,-0.07610180228948593,0.02158464677631855
1543,-0.1369420289993286,0.07525286823511124
1544,-0.06439843028783798,0.02662886492908001
1545,-0.190492182970047,0.06216323748230934
1546,-0.10983969271183014,0.06214447319507599
1547,-0.14402884244918823,0.06060626357793808
1548,-0.11101217567920685,0.07642970979213715
1549,-0.1302146464586258,0.08032011240720749
1550,-0.04766538366675377,0.01854272373020649
1551,-0.13714981079101562,0.06295114010572433
1552,-0.13860337436199188,0.057750314474105835
1553,-0.04246174916625023,0.01406298391520977
1554,-0.10509884357452393,0.06206154078245163
1555,-0.13062967360019684,0.05610271543264389
1556,-0.09649854153394699,0.06005556881427765
1557,-0.25904956459999084,0.08487106114625931
1558,-0.06550012528896332,0.022348793223500252
1559,-0.09241562336683273,0.05662762001156807
1560,-0.13735340535640717,0.07317346334457397
1561,-0.04727047309279442,0.018853768706321716
1562,-0.12139543890953064,0.062490541487932205
1563,-0.16062083840370178,0.0699809119105339
1564,-0.05426538735628128,0.02197057381272316
1565,-0.1713687926530838,0.06599590182304382
1566,-0.06814415752887726,0.04053163155913353
1567,-0.1390077769756317,0.07088106870651245
1568,-0.1998772770166397,0.06248525530099869
1569,-0.060927677899599075,0.023565014824271202
1570,-0.04744630306959152,0.01975529082119465
1571,-0.05672096088528633,0.019797049462795258
1572,-0.21909110248088837,0.06777211278676987
1573,-0.16666223108768463,0.0795765146613121
1574,-0.11315860599279404,0.06564860045909882
1575,-0.07140537351369858,0.020810920745134354
1576,-0.10319720208644867,0.05890855938196182
1577,-0.06896444410085678,0.021832747384905815
1578,-0.048525962978601456,0.01743963547050953
1579,-0.04794276878237724,0.018058640882372856
1580,-0.14374838769435883,0.0858219787478447
1581,-0.18983255326747894,0.0989517793059349
1582,-0.20370526611804962,0.05495231971144676
1583,-0.2077707052230835,0.0765453651547432
1584,-0.058597665280103683,0.02185271866619587
1585,-0.059895314276218414,0.018579350784420967
1586,-0.19976499676704407,0.07319866865873337
1587,-0.08994043618440628,0.06698790937662125
1588,-0.05420464277267456,0.018226226791739464
1589,-0.05194144323468208,0.018027033656835556
1590,-0.05700136348605156,0.022953622043132782
1591,-0.04776658117771149,0.01971537061035633
1592,-0.035958725959062576,0.014756024815142155
1593,-0.12499792873859406,0.06143184378743172
1594,-0.04806643724441528,0.017124461010098457
1595,-0.19600191712379456,0.0753343403339386
1596,-0.054403528571128845,0.022217754274606705
1597,-0.11531423032283783,0.06665601581335068
1598,-0.14677901566028595,0.0756470113992691
1599,-0.04242926090955734,0.017417138442397118
1600,-0.11697086691856384,0.0610726997256279
1601,-0.0643073096871376,0.018703363835811615
1602,-0.28271350264549255,0.07113728672266006
1603,-0.14990176260471344,0.0625753179192543
1604,-0.05830978974699974,0.04556309059262276
1605,-0.21388226747512817,0.0581262968480587
1606,-0.045434530824422836,0.016016529873013496
1607,-0.1070159450173378,0.06320233643054962
1608,-0.1615600734949112,0.07774219661951065
1609,-0.11612143367528915,0.07158920913934708
1610,-0.06376520544290543,0.01915471814572811
1611,-0.04699811339378357,0.021374370902776718
1612,-0.09728316962718964,0.05109630152583122
1613,-0.05533082038164139,0.020990615710616112
1614,-0.06518030911684036,0.020563004538416862
1615,-0.07047910243272781,0.01982721872627735
1616,-0.13915911316871643,0.048520758748054504
1617,-0.058440469205379486,0.0152228819206357
1618,-0.049423884600400925,0.019656620919704437
1619,-0.14656151831150055,0.07441235333681107
1620,-0.06189490482211113,0.020418137311935425
1621,-0.10905788093805313,0.04920285940170288
1622,-0.05398443341255188,0.01777433604001999
1623,-0.08745161443948746,0.059229593724012375
1624,-0.11090155690908432,0.06897570192813873
1625,-0.13703687489032745,0.06279931217432022
1626,-0.05695168301463127,0.02344197779893875
1627,-0.05268625542521477,0.016749519854784012
1628,-0.059561632573604584,0.01801256462931633
1629,-0.08247663080692291,0.048335056751966476
1630,-0.048075176775455475,0.018059926107525826
1631,-0.13763949275016785,0.07627539336681366
1632,-0.10605542361736298,0.048798732459545135
1633,-0.06595352292060852,0.01601981557905674
1634,-0.053969647735357285,0.018428893759846687
1635,-0.15788467228412628,0.06439746916294098
1636,-0.04226062819361687,0.01784207671880722
1637,-0.1469193547964096,0.06755881756544113
1638,-0.15892699360847473,0.08817525953054428
1639,-0.05307723581790924,0.018106574192643166
1640,-0.13989438116550446,0.053181495517492294
1641,-0.11632556468248367,0.05562113970518112
1642,-0.04276919737458229,0.019464420154690742
1643,-0.11561596393585205,0.06099501997232437
1644,-0.05368097126483917,0.01767602749168873
1645,-0.14613130688667297,0.06502511352300644
1646,-0.045542895793914795,0.018500087782740593
1647,-0.09208453446626663,0.050768669694662094
1648,-0.054060786962509155,0.021832792088389397
1649,-0.06013673543930054,0.018574215471744537
1650,-0.16279353201389313,0.07409127056598663
1651,-0.04310621693730354,0.01696622185409069
1652,-0.05098094791173935,0.01934521272778511
1653,-0.05888085439801216,0.018091052770614624
1654,-0.15551328659057617,0.06217363849282265
1655,-0.05906043201684952,0.02160092629492283
1656,-0.11590591818094254,0.06646103411912918
1657,-0.04612433910369873,0.017450395971536636
1658,-0.05458004027605057,0.022704679518938065
1659,-0.045103441923856735,0.01680929958820343
1660,-0.04507603123784065,0.026073316112160683
1661,-0.06140945479273796,0.024204328656196594
1662,-0.04715210944414139,0.01926271617412567
1663,-0.050655461847782135,0.018229695037007332
1664,-0.04674514755606651,0.02020198293030262
1665,-0.04796026647090912,0.015212249010801315
1666,-0.1978362798690796,0.06062616780400276
1667,-0.047216396778821945,0.02023991569876671
1668,-0.06334742158651352,0.02289261296391487
1669,-0.042121801525354385,0.01559512224048376
1670,-0.05456649139523506,0.018393224105238914
1671,-0.11151022464036942,0.0599474161863327
1672,-0.06032561510801315,0.04470226168632507
1673,-0.1492539644241333,0.08504737913608551
1674,-0.06721766293048859,0.027720190584659576
1675,-0.05240378901362419,0.018908202648162842
1676,-0.14031930267810822,0.07796470820903778
1677,-0.04888824000954628,0.019353650510311127
1678,-0.05383725091814995,0.0184318944811821
1679,-0.21353960037231445,0.06094576045870781
1680,-0.12689776718616486,0.08145242184400558
1681,-0.12179943174123764,0.06584598869085312
1682,-0.108218252658844,0.052367277443408966
1683,-0.044607967138290405,0.017215320840477943
1684,-0.05417603626847267,0.01847948133945465
1685,-0.10999517887830734,0.07052876800298691
1686,-0.040938012301921844,0.01728849671781063
1687,-0.041528940200805664,0.021957386285066605
1688,-0.12523220479488373,0.0667719766497612
1689,-0.052950065582990646,0.022224396467208862
1690,-0.054034676402807236,0.016578814014792442
1691,-0.047943729907274246,0.015721704810857773
1692,-0.06862325966358185,0.01925049163401127
1693,-0.054537735879421234,0.02096198871731758
1694,-0.3695133924484253,0.10175412148237228
1695,-0.05338119715452194,0.01970873400568962
1696,-0.16487374901771545,0.07116074860095978
1697,-0.04963858053088188,0.021063830703496933
1698,-0.061590664088726044,0.021820176392793655
1699,-0.11186324805021286,0.06968919187784195
1700,-0.21920625865459442,0.059807199984788895
1701,-0.2056390643119812,0.06252229958772659
1702,-0.052049413323402405,0.016993366181850433
1703,-0.12311626225709915,0.054465167224407196
1704,-0.17630906403064728,0.07478871941566467
1705,-0.056148793548345566,0.01724439486861229
1706,-0.05422166734933853,0.01737140119075775
1707,-0.23519833385944366,0.07497557997703552
1708,-0.04546891525387764,0.015093548223376274
1709,-0.05719652399420738,0.01903546415269375
1710,-0.1134938970208168,0.06676233559846878
1711,-0.057761505246162415,0.02188704162836075
1712,-0.0974470004439354,0.04961325600743294
1713,-0.06847260147333145,0.022577008232474327
1714,-0.05252668634057045,0.01926998794078827
1715,-0.1574573963880539,0.06644701212644577
1716,-0.05415225028991699,0.023394180461764336
1717,-0.06377200037240982,0.02105865254998207
1718,-0.05158858746290207,0.01942373625934124
1719,-0.12321500480175018,0.0625002384185791
1720,-0.03481852635741234,0.016071712598204613
1721,-0.15708398818969727,0.06672225147485733
1722,-0.047197163105010986,0.01717296987771988
1723,-0.19504757225513458,0.06507810950279236
1724,-0.16017469763755798,0.07691407203674316
1725,-0.13372710347175598,0.10016364604234695
1726,-0.05972044914960861,0.02324650250375271
1727,-0.09069815278053284,0.045273639261722565
1728,-0.2858103811740875,0.08532063663005829
1729,-0.0643608421087265,0.024875260889530182
1730,-0.11151164770126343,0.04579676687717438
1731,-0.0443437434732914,0.019413843750953674
1732,-0.04302498325705528,0.020600056275725365
1733,-0.0665091797709465,0.023382309824228287
1734,-0.13906492292881012,0.06799475103616714
1735,-0.0508536621928215,0.025283783674240112
1736,-0.05376559495925903,0.016583526507019997
1737,-0.11918183416128159,0.06326721608638763
1738,-0.05046148598194122,0.0174277201294899
1739,-0.05307231470942497,0.01914295367896557
1740,-0.06668005883693695,0.02188068814575672
1741,-0.12073531746864319,0.06345179677009583
1742,-0.03914270177483559,0.016846703365445137
1743,-0.045822203159332275,0.01725342497229576
1744,-0.18260325491428375,0.0937967300415039
1745,-0.15328694880008698,0.07634761929512024
1746,-0.04681902006268501,0.017341503873467445
1747,-0.0701742172241211,0.02340453676879406
1748,-0.04405223950743675,0.019538283348083496
1749,-0.04609101638197899,0.017738528549671173
1750,-0.04961681738495827,0.017246482893824577
1751,-0.1300058811903,0.06939668953418732
1752,-0.10777247697114944,0.05253351852297783
1753,-0.13358040153980255,0.07966335117816925
1754,-0.10316614806652069,0.04690571501851082
1755,-0.04297885298728943,0.017475422471761703
1756,-0.0467461496591568,0.01605253480374813
1757,-0.04686664044857025,0.016656316816806793
1758,-0.14041447639465332,0.06672021746635437
1759,-0.10678369551897049,0.05404012277722359
1760,-0.04921498894691467,0.016632230952382088
1761,-0.044679079204797745,0.018158821389079094
1762,-0.058612026274204254,0.023809565231204033
1763,-0.21526269614696503,0.058713823556900024
1764,-0.18979421257972717,0.07704652845859528
1765,-0.1571674346923828,0.06568675488233566
1766,-0.1425638496875763,0.0730123296380043
1767,-0.04720639809966087,0.02107003517448902
1768,-0.1300359070301056,0.06823629885911942
1769,-0.1491219848394394,0.0789308026432991
1770,-0.17136551439762115,0.06694208085536957
1771,-0.10053505748510361,0.05222932994365692
1772,-0.041578974574804306,0.01715376228094101
1773,-0.15311439335346222,0.08076423406600952
1774,-0.10537068545818329,0.05167412757873535
1775,-0.046439748257398605,0.016652120277285576
1776,-0.2310587614774704,0.07416917383670807
1777,-0.2155635505914688,0.06272684782743454
1778,-0.0486861951649189,0.018112463876605034
1779,-0.0989745631814003,0.05184018239378929
1780,-0.112347811460495,0.05910665541887283
1781,-0.06497649103403091,0.022931911051273346
1782,-0.09488330036401749,0.05668560415506363
1783,-0.05694110319018364,0.01773565262556076
1784,-0.059941455721855164,0.021811511367559433
1785,-0.11541189253330231,0.06186600774526596
1786,-0.12398792058229446,0.04656388610601425
1787,-0.05180250108242035,0.023570891469717026
1788,-0.13948704302310944,0.0736849308013916
1789,-0.06666433811187744,0.022020112723112106
1790,-0.03947131708264351,0.019247476011514664
1791,-0.17454887926578522,0.07857299596071243
1792,-0.05737098306417465,0.016833826899528503
1793,-0.052566055208444595,0.015526609495282173
1794,-0.05150984600186348,0.01733502559363842
1795,-0.059174083173274994,0.019588390365242958
1796,-0.05363382771611214,0.020962174981832504
1797,-0.055641550570726395,0.019076013937592506
1798,-0.057846009731292725,0.01933092437684536
1799,-0.24228259921073914,0.09801266342401505
1800,-0.07480427622795105,0.023172155022621155
1801,-0.08225688338279724,0.02964707836508751
1802,-0.059406787157058716,0.021506186574697495
1803,-0.11560214310884476,0.05555855110287666
1804,-0.2266976535320282,0.08754011988639832
1805,-0.06048343703150749,0.02672708034515381
1806,-0.17682550847530365,0.07220675051212311
1807,-0.26848727464675903,0.06985366344451904
1808,-0.10163862258195877,0.05327162891626358
1809,-0.059491150081157684,0.02253858745098114
1810,-0.2390059381723404,0.08380667120218277
1811,-0.04229506477713585,0.017805688083171844
1812,-0.059566691517829895,0.02116747759282589
1813,-0.13805870711803436,0.06726057827472687
1814,-0.10284262150526047,0.05630067363381386
1815,-0.09580464661121368,0.050023987889289856
1816,-0.1282113790512085,0.05336392670869827
1817,-0.16299377381801605,0.06292205303907394
1818,-0.051570918411016464,0.015239524655044079
1819,-0.055552996695041656,0.019201306626200676
1820,-0.052215561270713806,0.021644026041030884
1821,-0.09587325900793076,0.052337728440761566
1822,-0.07380468398332596,0.03280477598309517
1823,-0.052045825868844986,0.02093925140798092
1824,-0.05609340965747833,0.017277659848332405
1825,-0.04888274893164635,0.019293706864118576
1826,-0.13002939522266388,0.06236457824707031
1827,-0.23339949548244476,0.06464062631130219
1828,-0.061694834381341934,0.02215638756752014
1829,0.026441194117069244,0.044225651770830154
1830,-0.09457670897245407,0.04910876601934433
1831,-0.2566407322883606,0.05330394580960274
1832,-0.05175934359431267,0.017294621095061302
1833,-0.16219215095043182,0.06083166226744652
1834,-0.05725344642996788,0.02175147458910942
1835,-0.12665916979312897,0.04818575084209442
1836,-0.2239021509885788,0.08355189859867096
1837,-0.11197325587272644,0.06545665860176086
1838,-0.24654299020767212,0.09321953356266022
1839,-0.04821471497416496,0.014604582451283932
1840,-0.05838463827967644,0.02500791847705841
1841,-0.06656345725059509,0.018516724929213524
1842,-0.11684934049844742,0.05573771148920059
1843,-0.09718295931816101,0.051578935235738754
1844,-0.05384806916117668,0.022761337459087372
1845,-0.19349250197410583,0.0645110160112381
1846,-0.1361314058303833,0.07941143959760666
1847,-0.06201327592134476,0.018292665481567383
1848,-0.05173494294285774,0.018574807792901993
1849,-0.05876170098781586,0.026289401575922966
1850,-0.04616078734397888,0.016137460246682167
1851,-0.06492036581039429,0.02072034776210785
1852,-0.05492048338055611,0.02138439752161503
1853,-0.19152267277240753,0.06610223650932312
1854,-0.052502766251564026,0.016929270699620247
1855,-0.036018006503582,0.01667870208621025
1856,-0.04004756361246109,0.021020304411649704
1857,-0.06962024420499802,0.046607017517089844
1858,-0.05667876824736595,0.020600156858563423
1859,-0.14481405913829803,0.05947268009185791
1860,-0.07253763824701309,0.03689190000295639
1861,-0.2883540391921997,0.06336914002895355
1862,-0.05863809213042259,0.02049044705927372
1863,-0.15483251214027405,0.07986585795879364
1864,-0.06873809546232224,0.01570034585893154
1865,-0.047553375363349915,0.019714253023266792
1866,-0.13426153361797333,0.08364323526620865
1867,-0.07535071671009064,0.024043718352913857
1868,-0.04436471313238144,0.01644945703446865
1869,-0.05661853775382042,0.02061210386455059
1870,-0.06856247037649155,0.021109795197844505
1871,-0.04321276396512985,0.0162779800593853
1872,-0.1630413979291916,0.05810289457440376
1873,-0.05206112563610077,0.020079979673027992
1874,-0.04159655049443245,0.0176080409437418
1875,-0.05291028320789337,0.020316023379564285
1876,-0.23432111740112305,0.07180767506361008
1877,-0.052764493972063065,0.016924327239394188
1878,-0.04258304089307785,0.019210085272789
1879,-0.07295181602239609,0.01984916441142559
1880,-0.0481228232383728,0.016418084502220154
1881,-0.04846350476145744,0.017413491383194923
1882,-0.04887480288743973,0.017435021698474884
1883,-0.06681675463914871,0.023997435346245766
1884,-0.12480906397104263,0.06946039199829102
1885,-0.05627196654677391,0.01923632062971592
1886,-0.18675702810287476,0.06376505643129349
1887,-0.0417696088552475,0.018044011667370796
1888,-0.19687974452972412,0.0660586729645729
1889,-0.05152174457907677,0.01746864803135395
1890,-0.060167331248521805,0.018979452550411224
1891,-0.05827570706605911,0.017565591260790825
1892,-0.11005311459302902,0.0571003183722496
1893,-0.049453359097242355,0.019632970914244652
1894,-0.1601032018661499,0.07916363328695297
1895,-0.04544670879840851,0.017881276085972786
1896,-0.049453865736722946,0.016493769362568855
1897,-0.10562364012002945,0.06558355689048767
1898,-0.04191378131508827,0.01532602310180664
1899,-0.1585835963487625,0.06795185059309006
1900,-0.1830557882785797,0.06415244191884995
1901,-0.1589660495519638,0.06770209223031998
1902,-0.11221665143966675,0.04452093318104744
1903,-0.05423258990049362,0.020831162109971046
1904,-0.13002169132232666,0.08228010684251785
1905,-0.05167977884411812,0.017194172367453575
1906,-0.06642211228609085,0.02030164562165737
1907,-0.17167843878269196,0.06418679654598236
1908,-0.1419566571712494,0.08298598974943161
1909,-0.1383124440908432,0.07444273680448532
1910,-0.15706954896450043,0.05637946352362633
1911,-0.05900353565812111,0.027370663359761238
1912,-0.11851213872432709,0.037669889628887177
1913,-0.11563380062580109,0.0545993447303772
1914,-0.18243630230426788,0.059135954827070236
1915,-0.1311424821615219,0.06504449248313904
1916,-0.14356689155101776,0.08355166763067245
1917,-0.19142106175422668,0.08341802656650543
1918,-0.045452769845724106,0.0136710898950696
1919,-0.045190270990133286,0.01672334037721157
1920,-0.053785745054483414,0.023383991792798042
1921,-0.10047230124473572,0.0615546815097332
1922,-0.24410194158554077,0.0728209912776947
1923,-0.11720303446054459,0.07220783084630966
1924,-0.12646611034870148,0.08390539139509201
1925,-0.11168553680181503,0.057168036699295044
1926,-0.15007373690605164,0.06497324258089066
1927,-0.11586516350507736,0.06199141591787338
1928,-0.17424361407756805,0.05451235547661781
1929,-0.05498937517404556,0.020419547334313393
1930,-0.11856172233819962,0.06763432919979095
1931,-0.13715942203998566,0.0741586908698082
1932,-0.31311851739883423,0.10370472073554993
1933,-0.07309697568416595,0.017471877858042717
1934,-0.13076168298721313,0.0603969506919384
1935,-0.2411365658044815,0.07201669365167618
1936,-0.07487482577562332,0.020271526649594307
1937,-0.04017460718750954,0.01897706277668476
1938,-0.17651264369487762,0.0788697600364685
1939,-0.06587057560682297,0.021603373810648918
1940,-0.1305283159017563,0.0781637653708458
1941,-0.06166180223226547,0.017047131434082985
1942,-0.1180027425289154,0.07719572633504868
1943,-0.044484540820121765,0.01882309652864933
1944,-0.05731503292918205,0.015206009149551392
1945,-0.11117281764745712,0.053297705948352814
1946,-0.1416388899087906,0.07447528094053268
1947,-0.06288816779851913,0.024485290050506592
1948,-0.06736832857131958,0.027764558792114258
1949,-0.10757512599229813,0.05361040681600571
1950,-0.11120191961526871,0.07605364918708801
1951,-0.04304041340947151,0.01580207236111164
1952,-0.06617580354213715,0.023054812103509903
1953,-0.20605327188968658,0.06333740055561066
1954,-0.05220816284418106,0.02125363051891327
1955,-0.12820449471473694,0.10066792368888855
1956,-0.16054801642894745,0.07190487533807755
1957,-0.13930785655975342,0.06811406463384628
1958,-0.05467347055673599,0.02249503694474697
1959,-0.04248590022325516,0.01658039540052414
1960,-0.1389888972043991,0.07754187285900116
1961,-0.12107989192008972,0.050971049815416336
1962,-0.12251651287078857,0.06931380182504654
1963,-0.13143116235733032,0.06429999321699142
1964,-0.04291625693440437,0.021353520452976227
1965,-0.1472887545824051,0.07132913172245026
1966,-0.06754057109355927,0.024716759100556374
1967,-0.15805533528327942,0.1117764487862587
1968,-0.05409574136137962,0.01825311779975891
1969,-0.06320654600858688,0.02228287234902382
1970,-0.06713435798883438,0.020708376541733742
1971,-0.057202354073524475,0.019202565774321556
1972,-0.10962596535682678,0.056460872292518616
1973,-0.03956432268023491,0.01835356280207634
1974,-0.08516459912061691,0.03561120852828026
1975,-0.08130763471126556,0.02254699543118477
1976,-0.046937692910432816,0.018179913982748985
1977,-0.06084420904517174,0.02179531753063202
1978,-0.0479370579123497,0.01914484240114689
1979,-0.04982432723045349,0.017874598503112793
1980,-0.17580531537532806,0.09146662801504135
1981,-0.11098142713308334,0.06861608475446701
1982,-0.06072809919714928,0.02196488156914711
1983,-0.16285847127437592,0.07289624959230423
1984,-0.047990281134843826,0.0194623451679945
1985,-0.13058659434318542,0.05324888601899147
1986,-0.05925385653972626,0.02035858854651451
1987,-0.10254252701997757,0.06665145605802536
1988,-0.07373364269733429,0.019789323210716248
1989,-0.057654283940792084,0.01962135173380375
1990,-0.0466032549738884,0.021205605939030647
1991,-0.05141608417034149,0.01828121952712536
1992,-0.17664581537246704,0.06554855406284332
1993,-0.0420435294508934,0.02025561034679413
1994,-0.2620648741722107,0.06623972207307816
1995,-0.12013333290815353,0.05013556405901909
1996,-0.06384521722793579,0.01979706808924675
1997,-0.15979477763175964,0.06347349286079407
1998,-0.18423263728618622,0.07456657290458679
1999,-0.11466389149427414,0.06893472373485565
2000,-0.09968846291303635,0.04195908457040787
2001,-0.1430160254240036,0.07339267432689667
2002,-0.03004961460828781,0.04694413021206856
2003,-0.08789965510368347,0.052137065678834915
2004,-0.04629909619688988,0.019253848120570183
2005,-0.11312475055456161,0.0705663189291954
2006,-0.038937922567129135,0.016631241887807846
2007,-0.1600218415260315,0.08558618277311325
2008,-0.05289900302886963,0.018995000049471855
2009,-0.1123025119304657,0.07072804123163223
2010,-0.18259814381599426,0.06910847872495651
2011,-0.06375648826360703,0.02454194612801075
2012,-0.21470795571804047,0.07644505053758621
2013,-0.1482972353696823,0.07543981820344925
2014,-0.04884960502386093,0.01625441201031208
2015,-0.10006026923656464,0.0605747252702713
2016,-0.1941012442111969,0.06732535362243652
2017,-0.1633104681968689,0.08100979775190353
2018,-0.18800848722457886,0.0813785120844841
2019,-0.18373876810073853,0.06277775764465332
2020,-0.06176913529634476,0.01874842494726181
2021,-0.24272415041923523,0.09851549565792084
2022,-0.13914170861244202,0.07406453788280487
2023,-0.18953637778759003,0.07430671155452728
2024,-0.054411277174949646,0.022557899355888367
2025,-0.05430123582482338,0.01777152344584465
2026,-0.06331074982881546,0.023831535130739212
2027,-0.04702000692486763,0.014503170736134052
2028,-0.08332231640815735,0.04541821777820587
2029,-0.05645570531487465,0.017038637772202492
2030,-0.04622472822666168,0.017933424562215805
2031,-0.13253368437290192,0.07961784303188324
2032,-0.17960099875926971,0.08191397786140442
2033,-0.05972407013177872,0.01931777037680149
2034,-0.05555994436144829,0.020016105845570564
2035,-0.049830082803964615,0.020055778324604034
2036,-0.14034637808799744,0.07114619761705399
2037,-0.05765026435256004,0.015123700723052025
2038,-0.12215479463338852,0.07240124046802521
2039,-0.14116418361663818,0.05614997819066048
2040,-0.1262391060590744,0.06394579261541367
2041,-0.12484454363584518,0.06194710358977318
2042,-0.05403921753168106,0.016422981396317482
2043,-0.12050200998783112,0.06714092195034027
2044,-0.13594144582748413,0.07168728113174438
2045,-0.06336759775876999,0.020334383472800255
2046,-0.1305258721113205,0.06808790564537048
2047,-0.18566887080669403,0.07432284951210022
